Date,Raw_pcpi,Pct_pcpi,Raw_pcpix,Pct_pcpix,6m_change_pcpi,6m_change_pcpix
1947-07-01,22.23,0.0067934782608696,,,3.4916201117318524,
1947-08-01,22.4,0.007647323436797,,,3.60777058279369,
1947-09-01,22.84,0.0196428571428572,,,3.8181818181818095,
1947-10-01,22.91,0.0030647985989491,,,4.136363636363627,
1947-11-01,23.06,0.0065473592317764,,,5.056947608200457,
1947-12-01,23.41,0.0151777970511708,,,6.023550724637694,
1948-01-01,23.68,0.0115335326783425,,,6.5227170490328445,
1948-02-01,23.67,-0.0004222972972972,,,5.669642857142865,
1948-03-01,23.5,-0.0071820870299958,,,2.889667250437822,
1948-04-01,23.82,0.0136170212765958,,,3.9720646006110805,
1948-05-01,24.01,0.0079764903442485,,,4.11968777103211,
1948-06-01,24.15,0.0058309037900874,,,3.16104228961982,
1948-07-01,24.4,0.0103519668737059,,,3.040540540540526,
1948-08-01,24.43,0.0012295081967212,,,3.210815378115739,
1948-09-01,24.36,-0.0028653295128939,,,3.659574468085114,
1948-10-01,24.31,-0.0020525451559935,,,2.0570948782535625,
1950-06-01,23.88,0.0046276819520403,,,1.1435832274459878,
1950-07-01,24.07,0.0079564489112229,,,2.381965121225016,
1950-08-01,24.2,0.0054009140008308,,,2.498941126641263,
1950-09-01,24.34,0.0057851239669421,,,2.9610829103214886,
1950-10-01,24.5,0.0065735414954806,,,3.594080338266381,
1950-11-01,24.6,0.0040816326530612,,,3.491796381994128,
1950-12-01,24.98,0.0154471544715446,,,4.606365159128978,
1951-01-01,25.38,0.0160128102481984,,,5.442459493144991,
1951-02-01,25.83,0.0177304964539006,,,6.735537190082641,
1951-03-01,25.88,0.0019357336430507,,,6.327033689400152,
1951-04-01,25.92,0.0015455950540959,,,5.795918367346942,
1951-05-01,25.99,0.0027006172839505,,,5.650406504065031,
1951-06-01,25.93,-0.0023085802231627,,,3.803042433947157,
1951-07-01,25.91,-0.0007713073659852,,,2.088258471237192,
1951-11-01,26.32,0.0061162079510703,,,1.269719122739521,
1951-12-01,26.47,0.0056990881458967,,,2.0825298881604226,
1952-01-01,26.45,-0.0007555723460521,,,2.0841373986877576,
1952-02-01,26.41,-0.0015122873345935,,,2.1268368136117655,
1952-03-01,26.39,-0.0007572889057174,,,1.3830195927775568,
1952-04-01,26.46,0.0026525198938991,,,1.1467889908256979,
1952-08-01,26.69,0.0003748125937033,,,1.0602044680045442,
1956-06-01,27.15,0.0044395116537179,,,1.0420543356903567,
1956-07-01,27.29,0.0051565377532227,,,1.7144986954901187,
1956-08-01,27.31,0.0007328691828507,,,1.6753536857781137,
1956-09-01,27.35,0.0014646649578908,,,1.7106731126812935,
1956-10-01,27.51,0.0058500914076782,,,2.153731897512068,
1956-11-01,27.51,0.0,,,1.7758046614872347,
1956-12-01,27.63,0.0043620501635768,,,1.7679558011049812,
1957-01-01,27.67,0.0014477017734346,28.5,,1.3924514474166427,
1957-02-01,27.8,0.0046982291290205,28.6,0.0035087719298245,1.7942145734163306,
1957-03-01,27.86,0.0021582733812948,28.7,0.0034965034965033,1.8647166361974277,
1957-04-01,27.93,0.0025125628140703,28.8,0.0034843205574912,1.526717557251911,
1957-05-01,28.0,0.0025062656641603,28.8,0.0,1.781170483460559,
1957-06-01,28.11,0.0039285714285715,28.9,0.003472222222222,1.7372421281216077,
1957-07-01,28.19,0.0028459622909997,29.0,0.0034602076124568,1.879291651608228,1.7543859649122862
1957-08-01,28.28,0.0031926214969848,29.0,0.0,1.726618705035965,1.3986013986013957
1957-09-01,28.32,0.0014144271570013,29.1,0.003448275862069,1.6511127063890907,1.3937282229965264
1957-10-01,28.32,0.0,29.2,0.0034364261168384,1.3963480128893702,1.388888888888884
1957-11-01,28.41,0.0031779661016948,29.3,0.0034246575342467,1.464285714285718,1.736111111111116
1957-12-01,28.47,0.0021119324181626,29.3,0.0,1.2806830309498363,1.384083044982698
1958-01-01,28.64,0.0059711977520198,29.3,0.0,1.59631074849238,1.0344827586207028
1958-02-01,28.7,0.0020949720670391,29.4,0.0034129692832762,1.4851485148514865,1.379310344827589
1958-03-01,28.87,0.0059233449477351,29.5,0.0034013605442178,1.9420903954802338,1.3745704467353903
1958-04-01,28.94,0.0024246622791825,29.5,0.0,2.1892655367231617,1.0273972602739656
1958-05-01,28.94,0.0,29.5,0.0,1.8655403027103112,0.682593856655278
1958-06-01,28.91,-0.0010366275051831,29.6,0.0033898305084745,1.5454864769933296,1.0238907849829282
1958-07-01,28.89,-0.0006918021445866,29.6,0.0,0.8729050279329575,1.0238907849829282
1958-11-01,28.95,0.0013836042891732,29.8,0.0033670033670034,0.03455425017275804,1.016949152542379
1958-12-01,28.97,0.0006908462867012,29.9,0.0033557046979864,0.20754064337598077,1.0135135135135087
1959-01-01,29.01,0.001380738695202,29.9,0.0,0.41536863966771254,1.0135135135135087
1959-02-01,29.0,-0.0003447087211306,29.9,0.0,0.20732550103661485,1.0135135135135087
1959-03-01,28.97,-0.0010344827586207,30.0,0.0033444816053511,0.20754064337598077,1.0101010101010166
1959-04-01,28.98,0.0003451846738005,30.0,0.0,0.2421307506053294,1.0101010101010166
1959-05-01,29.04,0.0020703933747412,30.1,0.0033333333333334,0.31088082901553626,1.0067114093959662
1959-06-01,29.11,0.0024104683195591,30.2,0.0033222591362125,0.48325854332067486,1.0033444816053505
1959-07-01,29.15,0.0013740982480248,30.2,0.0,0.4825922095828883,1.0033444816053505
1959-08-01,29.18,0.0010291595197255,30.2,0.0,0.6206896551724128,1.0033444816053505
1959-09-01,29.25,0.0023989033584648,30.3,0.0033112582781458,0.9665170866413497,1.0000000000000009
1959-10-01,29.35,0.0034188034188034,30.4,0.0033003300330032,1.2767425810904065,1.3333333333333197
1959-11-01,29.35,0.0,30.4,0.0,1.0674931129476706,0.9966777408637828
1959-12-01,29.41,0.0020442930153321,30.5,0.0032894736842106,1.0305736860185544,0.9933774834437026
1960-02-01,29.41,0.0013619339462036,30.6,0.0032786885245901,0.7882111034955397,1.324503311258285
1964-01-01,30.94,0.0019430051813471,32.2,0.0031152647975078,0.8145975887911439,1.2578616352201255
1965-06-01,31.61,0.0041296060991105,32.7,0.0,1.1519999999999975,0.6153846153846176
1966-02-01,32.08,0.0062735257214554,33.1,0.0030303030303031,1.6798732171156905,1.2232415902140525
1966-03-01,32.18,0.0031172069825435,33.1,0.0,1.7710309930423662,0.9146341463414753
1966-04-01,32.28,0.0031075201988812,33.3,0.0060422960725075,1.9905213270142275,1.5243902439024293
1966-05-01,32.35,0.0021685254027261,33.4,0.003003003003003,1.8897637795275646,1.5197568389057725
1966-06-01,32.38,0.0009273570324574,33.5,0.0029940119760478,1.66405023547882,1.5151515151515138
1966-07-01,32.45,0.0021618282890674,33.6,0.0029850746268658,1.787954830614824,1.81818181818183
1966-08-01,32.65,0.0061633281972264,33.7,0.0029761904761904,1.776807980049866,1.812688821752273
1966-09-01,32.75,0.003062787136294,33.8,0.0029673590504448,1.7712865133623357,2.114803625377637
1966-10-01,32.85,0.0030534351145039,34.0,0.0059171597633136,1.7657992565055736,2.1021021021021102
1966-11-01,32.88,0.0009132420091324,34.0,0.0,1.6383307573415884,1.7964071856287456
1966-12-01,32.92,0.0012165450121655,34.1,0.0029411764705882,1.6676961087090714,1.7910447761193993
1967-01-01,32.9,-0.0006075334143378,34.2,0.002932551319648,1.3867488443759513,1.7857142857142794
1967-02-01,33.0,0.0030395136778116,34.2,0.0,1.071975497702904,1.4836795252225476
1967-03-01,33.0,0.0,34.3,0.0029239766081869,0.7633587786259444,1.4792899408283988
1967-04-01,33.1,0.0030303030303031,34.4,0.0029154518950438,0.7610350076103556,1.17647058823529
1967-05-01,33.1,0.0,34.5,0.002906976744186,0.6690997566910051,1.4705882352941124
1967-06-01,33.3,0.0060422960725075,34.6,0.0028985507246377,1.154313487241776,1.4662756598240456
1967-07-01,33.4,0.003003003003003,34.7,0.0028901734104047,1.5197568389057725,1.4619883040935644
1967-08-01,33.5,0.0029940119760478,34.9,0.0057636887608067,1.5151515151515138,2.0467836257309857
1967-09-01,33.6,0.0029850746268658,35.0,0.0028653295128939,1.81818181818183,2.0408163265306145
1967-10-01,33.7,0.0029761904761904,35.1,0.0028571428571428,1.812688821752273,2.034883720930236
1967-11-01,33.9,0.0059347181008901,35.2,0.0028490028490029,2.4169184290030232,2.0289855072463947
1967-12-01,34.0,0.0029498525073747,35.4,0.0056818181818181,2.1021021021021102,2.3121387283236983
1968-01-01,34.1,0.0029411764705882,35.5,0.0028248587570622,2.095808383233533,2.3054755043227626
1968-02-01,34.2,0.002932551319648,35.7,0.0056338028169014,2.0895522388059806,2.292263610315204
1968-03-01,34.3,0.0029239766081869,35.8,0.002801120448179,2.083333333333326,2.2857142857142687
1968-04-01,34.4,0.0029154518950438,35.9,0.0027932960893854,2.0771513353115667,2.2792022792022637
1968-05-01,34.5,0.002906976744186,36.0,0.0027855153203342,1.7699115044247815,2.2727272727272707
1968-06-01,34.7,0.0057971014492754,36.2,0.0055555555555555,2.0588235294117796,2.259887005649719
1968-07-01,34.9,0.0057636887608067,36.4,0.0055248618784529,2.346041055718473,2.5352112676056304
1968-08-01,35.0,0.0028653295128939,36.5,0.0027472527472527,2.3391812865497075,2.2408963585434094
1968-09-01,35.1,0.0028571428571428,36.7,0.0054794520547944,2.3323615160349975,2.5139664804469497
1968-10-01,35.3,0.0056980056980056,36.9,0.0054495912806538,2.6162790697674465,2.785515320334264
1968-11-01,35.4,0.0028328611898016,37.1,0.005420054200542,2.608695652173898,3.055555555555567
1968-12-01,35.6,0.0056497175141243,37.2,0.0026954177897573,2.5936599423631135,2.7624309392265234
1969-01-01,35.7,0.002808988764045,37.3,0.0026881720430105,2.292263610315204,2.4725274725274637
1969-02-01,35.8,0.002801120448179,37.6,0.0080428954423592,2.2857142857142687,3.013698630136985
1969-03-01,36.1,0.0083798882681564,37.8,0.0053191489361701,2.8490028490028463,2.9972752043596618
1969-04-01,36.3,0.005540166204986,38.1,0.0079365079365081,2.8328611898017053,3.252032520325221
1969-05-01,36.4,0.0027548209366392,38.1,0.0,2.824858757062154,2.695417789757415
1969-06-01,36.6,0.0054945054945054,38.3,0.0052493438320209,2.8089887640449396,2.956989247311803
1969-07-01,36.8,0.0054644808743167,38.5,0.0052219321148825,3.081232492997188,3.217158176943702
1969-08-01,36.9,0.0027173913043478,38.7,0.0051948051948051,3.0726256983240274,2.92553191489362
1969-09-01,37.1,0.005420054200542,38.9,0.0051679586563306,2.7700831024930705,2.910052910052907
1969-10-01,37.3,0.0053908355795146,39.1,0.0051413881748072,2.754820936639124,2.6246719160105014
1969-11-01,37.5,0.0053619302949061,39.2,0.0025575447570331,3.0219780219780334,2.8871391076115582
1969-12-01,37.7,0.0053333333333334,39.4,0.0051020408163264,3.0054644808743314,2.872062663185382
1970-01-01,37.9,0.0053050397877982,39.6,0.0050761421319798,2.9891304347826164,2.857142857142869
1970-02-01,38.1,0.0052770448548813,39.8,0.0050505050505049,3.252032520325221,2.8423772609818876
1970-03-01,38.3,0.0052493438320209,40.1,0.0075376884422111,3.2345013477088846,3.084832904884327
1970-04-01,38.5,0.0052219321148825,40.4,0.0074812967581046,3.217158176943702,3.324808184143224
1970-05-01,38.6,0.0025974025974027,40.5,0.0024752475247524,2.9333333333333433,3.316326530612246
1970-06-01,38.8,0.0051813471502588,40.8,0.0074074074074073,2.9177718832890998,3.5532994923857864
1970-07-01,38.9,0.0025773195876288,40.9,0.0024509803921568,2.638522427440626,3.282828282828265
1970-08-01,39.0,0.0025706940874037,41.1,0.0048899755501223,2.3622047244094446,3.266331658291466
1970-09-01,39.2,0.0051282051282051,41.3,0.0048661800486617,2.349869451697151,2.9925187032418865
1970-10-01,39.4,0.0051020408163264,41.5,0.0048426150121065,2.3376623376623273,2.722772277227725
1970-11-01,39.6,0.0050761421319798,41.8,0.0072289156626506,2.590673575129543,3.2098765432098775
1970-12-01,39.8,0.0050505050505049,42.0,0.0047846889952154,2.577319587628857,2.941176470588247
1971-01-01,39.9,0.0025125628140703,42.1,0.0023809523809523,2.570694087403602,2.933985330073363
1971-02-01,39.9,0.0,42.2,0.002375296912114,2.3076923076922995,2.676399026763998
1971-03-01,40.0,0.0025062656641603,42.2,0.0,2.0408163265306145,2.1791767554479646
1971-04-01,40.1,0.0024999999999999,42.4,0.0047393364928909,1.7766497461928932,2.168674698795181
1971-05-01,40.3,0.0049875311720697,42.6,0.0047169811320755,1.7676767676767513,1.9138755980861344
1971-06-01,40.5,0.0049627791563275,42.8,0.004694835680751,1.7587939698492594,1.904761904761898
1971-07-01,40.6,0.0024691358024691,42.9,0.0023364485981309,1.7543859649122862,1.9002375296911955
1971-08-01,40.7,0.0024630541871921,43.0,0.0023310023310023,2.0050125313283207,1.8957345971563955
1971-09-01,40.8,0.0024570024570023,43.0,0.0,2.0000000000000018,1.8957345971563955
1971-10-01,40.9,0.0024509803921568,43.1,0.0023255813953488,1.995012468827917,1.650943396226423
1971-11-01,41.0,0.0024449877750611,43.2,0.0023201856148491,1.7369727047146455,1.4084507042253502
1971-12-01,41.1,0.0024390243902439,43.3,0.0023148148148146,1.4814814814814836,1.1682242990654235
1972-01-01,41.2,0.002433090024331,43.5,0.0046189376443419,1.4778325123152802,1.3986013986013957
1972-02-01,41.4,0.0048543689320388,43.6,0.0022988505747125,1.7199017199017064,1.3953488372093092
1972-03-01,41.4,0.0,43.6,0.0,1.4705882352941124,1.3953488372093092
1972-04-01,41.5,0.002415458937198,43.8,0.0045871559633026,1.4669926650366705,1.6241299303944245
1972-05-01,41.6,0.0024096385542169,43.9,0.0022831050228311,1.4634146341463428,1.6203703703703498
1972-06-01,41.7,0.0024038461538462,44.0,0.0022779043280183,1.4598540145985384,1.616628175519641
1972-07-01,41.8,0.0023980815347719,44.1,0.0022727272727272,1.4563106796116276,1.379310344827589
1972-08-01,41.9,0.0023923444976077,44.3,0.0045351473922901,1.2077294685990392,1.6055045871559592
1972-09-01,42.1,0.0047732696897375,44.3,0.0,1.6908212560386549,1.6055045871559592
1972-10-01,42.2,0.002375296912114,44.4,0.002257336343115,1.6867469879518149,1.3698630136986356
1972-11-01,42.4,0.0047393364928909,44.4,0.0,1.9230769230769162,1.1389521640091216
1972-12-01,42.5,0.0023584905660378,44.6,0.0045045045045044,1.9184652278177339,1.3636363636363669
1973-01-01,42.7,0.0047058823529413,44.6,0.0,2.1531100478469067,1.133786848072571
1973-02-01,43.0,0.0070257611241217,44.8,0.0044843049327354,2.6252983293556076,1.1286681715575675
1973-03-01,43.4,0.0093023255813953,45.0,0.0044642857142858,3.0878859857482066,1.5801354401805856
1973-04-01,43.7,0.0069124423963133,45.1,0.0022222222222223,3.5545023696682554,1.5765765765765938
1973-05-01,43.9,0.0045766590389015,45.3,0.0044345898004434,3.5377358490566113,2.0270270270270174
1973-06-01,44.2,0.0068337129840547,45.4,0.0022075055187638,4.0000000000000036,1.7937219730941534
1973-07-01,44.2,0.0,45.5,0.0022026431718062,3.512880562060894,2.0179372197309364
1973-08-01,45.0,0.0180995475113121,45.7,0.0043956043956043,4.651162790697683,2.008928571428581
1973-09-01,45.2,0.0044444444444444,46.0,0.0065645514223193,4.147465437788034,2.2222222222222143
1973-10-01,45.6,0.0088495575221239,46.3,0.0065217391304346,4.347826086956519,2.6607538802660757
1973-11-01,45.9,0.006578947368421,46.5,0.0043196544276458,4.555808656036442,2.64900662251657
1973-12-01,46.3,0.0087145969498909,46.7,0.0043010752688172,4.75113122171944,2.8634361233480288
1974-01-01,46.8,0.0107991360691144,46.9,0.0042826552462524,5.88235294117645,3.076923076923066
1974-02-01,47.3,0.0106837606837606,47.2,0.0063965884861407,5.111111111111111,3.2822757111597323
1974-03-01,47.8,0.0105708245243127,47.6,0.0084745762711864,5.752212389380529,3.4782608695652195
1974-04-01,48.1,0.0062761506276152,47.9,0.0063025210084033,5.482456140350878,3.455723542116629
1974-05-01,48.6,0.0103950103950103,48.5,0.012526096033403,5.882352941176472,4.3010752688172005
1974-06-01,49.0,0.008230452674897,49.0,0.0103092783505154,5.831533477321815,4.925053533190571
1974-07-01,49.3,0.0061224489795916,49.5,0.0102040816326529,5.341880341880345,5.543710021321968
1974-08-01,49.9,0.0121703853955374,50.2,0.0141414141414142,5.496828752642702,6.355932203389836
1974-09-01,50.6,0.0140280561122245,50.7,0.0099601593625497,5.857740585774063,6.512605042016806
1974-10-01,51.0,0.0079051383399209,51.2,0.009861932938856,6.029106029106024,6.889352818371619
1974-11-01,51.5,0.0098039215686274,51.6,0.0078125,5.967078189300401,6.391752577319587
1974-12-01,51.9,0.007766990291262,52.0,0.0077519379844961,5.91836734693878,6.1224489795918435
1975-01-01,52.3,0.0077071290944124,52.3,0.0057692307692307,6.085192697768771,5.656565656565649
1975-02-01,52.6,0.0057361376673041,52.8,0.0095602294455066,5.41082164328659,5.179282868525892
1975-03-01,52.8,0.0038022813688212,53.0,0.0037878787878788,4.347826086956519,4.536489151873768
1975-04-01,53.0,0.0037878787878788,53.3,0.0056603773584904,3.9215686274509887,4.101562499999978
1975-05-01,53.1,0.0018867924528302,53.5,0.0037523452157599,3.106796116504862,3.6821705426356655
1975-06-01,53.5,0.0075329566854991,53.8,0.0056074766355138,3.0828516377649384,3.4615384615384492
1975-07-01,54.0,0.0093457943925232,54.0,0.0037174721189592,3.250478011472291,3.250478011472291
1975-08-01,54.2,0.0037037037037037,54.2,0.0037037037037037,3.041825095057038,2.6515151515151603
1975-09-01,54.6,0.0073800738007379,54.5,0.0055350553505535,3.409090909090917,2.8301886792452935
1975-10-01,54.9,0.0054945054945054,54.8,0.0055045871559633,3.5849056603773466,2.814258911819878
1975-11-01,55.3,0.0072859744990891,55.2,0.0072992700729928,4.143126177024481,3.17757009345796
1975-12-01,55.6,0.0054249547920435,55.5,0.0054347826086955,3.9252336448598157,3.1598513011152463
1976-01-01,55.8,0.0035971223021582,55.9,0.0072072072072071,3.3333333333333215,3.518518518518521
1976-02-01,55.9,0.0017921146953405,56.2,0.005366726296959,3.136531365313644,3.690036900368998
1976-03-01,56.0,0.001788908765653,56.5,0.0053380782918148,2.564102564102555,3.669724770642202
1976-04-01,56.1,0.0017857142857142,56.7,0.0035398230088496,2.1857923497267784,3.4671532846715536
1976-05-01,56.4,0.0053475935828877,57.0,0.0052910052910053,1.9891500904159143,3.2608695652173836
1976-06-01,56.7,0.0053191489361703,57.2,0.0035087719298245,1.9784172661870603,3.063063063063076
1976-07-01,57.0,0.0052910052910053,57.6,0.0069930069930068,2.1505376344086002,3.0411449016100267
1976-08-01,57.3,0.0052631578947368,57.9,0.0052083333333332,2.5044722719141266,3.0249110320284656
1976-09-01,57.6,0.005235602094241,58.2,0.005181347150259,2.857142857142869,3.0088495575221197
1976-10-01,57.9,0.0052083333333332,58.5,0.0051546391752577,3.208556149732611,3.1746031746031633
1976-11-01,58.1,0.0034542314335059,58.7,0.0034188034188034,3.014184397163122,2.9824561403508865
1976-12-01,58.4,0.0051635111876076,58.9,0.0034071550255536,2.998236331569659,2.9720279720279574
1977-01-01,58.7,0.0051369863013699,59.3,0.0067911714770798,2.9824561403508865,2.951388888888884
1977-02-01,59.3,0.0102214650766609,59.7,0.0067453625632378,3.4904013961605695,3.1088082901554515
1977-03-01,59.6,0.0050590219224284,60.0,0.0050251256281406,3.472222222222232,3.092783505154628
1977-04-01,60.0,0.006711409395973,60.3,0.0049999999999998,3.62694300518136,3.076923076923066
1977-05-01,60.2,0.0033333333333334,60.6,0.0049751243781095,3.6144578313253017,3.236797274275971
1977-06-01,60.5,0.0049833887043189,61.0,0.0066006600660066,3.595890410958913,3.5653650254668934
1977-07-01,60.8,0.0049586776859502,61.2,0.0032786885245901,3.5775127768313375,3.204047217537953
1977-08-01,61.1,0.0049342105263159,61.5,0.0049019607843137,3.0354131534570117,3.015075376884413
1977-09-01,61.3,0.0032733224222585,61.8,0.0048780487804878,2.8523489932885893,3.0000000000000027
1977-10-01,61.6,0.00489396411093,62.0,0.0032362459546926,2.6666666666666616,2.819237147595355
1977-11-01,62.0,0.0064935064935065,62.3,0.0048387096774193,2.9900332225913484,2.8052805280528004
1977-12-01,62.3,0.0048387096774193,62.7,0.0064205457463886,2.975206611570247,2.786885245901649
1978-01-01,62.7,0.0064205457463886,63.1,0.0063795853269537,3.125,3.104575163398682
1978-02-01,63.0,0.0047846889952152,63.4,0.004754358161648,3.109656301145658,3.089430894308931
1978-03-01,63.4,0.0063492063492063,63.8,0.0063091482649841,3.4257748776509,3.2362459546925626
1978-04-01,63.9,0.0078864353312302,64.3,0.0078369905956112,3.7337662337662225,3.70967741935484
1978-05-01,64.5,0.0093896713615022,64.7,0.0062208398133749,4.0322580645161255,3.8523274478330816
1978-06-01,65.0,0.0077519379844961,65.2,0.007727975270479,4.3338683788122,3.987240829346095
1978-07-01,65.5,0.0076923076923076,65.6,0.0061349693251533,4.465709728867617,3.961965134706813
1978-08-01,65.9,0.0061068702290076,66.1,0.0076219512195121,4.603174603174609,4.258675078864349
1978-09-01,66.5,0.0091047040971168,66.7,0.0090771558245084,4.889589905362768,4.545454545454564
1978-10-01,67.1,0.0090225563909773,67.2,0.0074962518740628,5.007824726134569,4.510108864696738
1978-11-01,67.5,0.0059612518628913,67.6,0.0059523809523809,4.651162790697683,4.482225656877881
1978-12-01,67.9,0.0059259259259261,68.0,0.0059171597633136,4.461538461538472,4.294478527607359
1979-01-01,68.5,0.0088365243004417,68.5,0.0073529411764705,4.580152671755733,4.4207317073170715
1979-02-01,69.2,0.0102189781021897,69.2,0.0102189781021897,5.0075872534142585,4.689863842662656
1979-03-01,69.9,0.0101156069364163,69.8,0.0086705202312138,5.112781954887224,4.647676161919034
1979-04-01,70.6,0.0100143061516451,70.3,0.007163323782235,5.216095380029806,4.613095238095233
1979-05-01,71.4,0.0113314447592069,70.8,0.0071123755334281,5.777777777777793,4.7337278106508895
1979-06-01,72.2,0.011204481792717,71.3,0.0070621468926552,6.332842415316642,4.852941176470593
1979-07-01,73.0,0.0110803324099721,71.9,0.0084151472650773,6.569343065693434,4.963503649635048
1979-08-01,73.7,0.0095890410958905,72.7,0.011126564673157,6.502890173410414,5.0578034682081
1979-09-01,74.4,0.0094979647218453,73.3,0.0082530949105914,6.4377682403433445,5.014326647564471
1979-10-01,75.2,0.010752688172043,74.0,0.009549795361528,6.5155807365439244,5.263157894736836
1979-11-01,76.0,0.0106382978723404,74.8,0.0108108108108107,6.442577030812324,5.649717514124286
1979-12-01,76.9,0.0118421052631578,75.7,0.0120320855614974,6.509695290858719,6.171107994389913
1980-01-01,78.0,0.014304291287386,76.7,0.0132100396301189,6.849315068493156,6.675938803894299
1980-02-01,79.0,0.0128205128205127,77.5,0.0104302477183833,7.191316146540028,6.602475928473184
1980-03-01,80.1,0.0139240506329112,78.6,0.0141935483870967,7.661290322580627,7.230559345156884
1980-04-01,80.9,0.0099875156054933,79.5,0.0114503816793893,7.5797872340425565,7.432432432432434
1980-05-01,81.7,0.0098887515451173,80.1,0.0075471698113207,7.499999999999996,7.085561497326198
1980-06-01,82.5,0.0097919216646267,81.0,0.0112359550561798,7.282184655396606,7.001321003963001
1980-07-01,82.6,0.0012121212121212,80.8,-0.0024691358024692,5.897435897435899,5.34550195567145
1980-08-01,83.2,0.0072639225181598,81.3,0.006188118811881,5.316455696202538,4.9032258064516165
1980-09-01,83.9,0.0084134615384616,82.1,0.0098400984009838,4.74406991260925,4.452926208651409
1980-10-01,84.7,0.0095351609058402,83.0,0.0109622411693057,4.697156983930784,4.402515723270439
1980-11-01,85.6,0.0106257378984651,83.9,0.0108433734939759,4.7735618115055,4.74406991260925
1980-12-01,86.4,0.0093457943925234,84.9,0.0119189511323003,4.7272727272727355,4.814814814814827
1981-01-01,87.2,0.0092592592592593,85.4,0.0058892815076561,5.569007263922532,5.693069306930698
1981-02-01,88.0,0.0091743119266054,85.9,0.005854800936768,5.769230769230771,5.658056580565818
1981-03-01,88.6,0.0068181818181818,86.4,0.0058207217694994,5.601907032181153,5.237515225334977
1981-04-01,89.1,0.0056433408577878,87.0,0.0069444444444444,5.194805194805174,4.819277108433728
1981-05-01,89.7,0.0067340067340069,87.8,0.0091954022988505,4.789719626168232,4.648390941597125
1981-06-01,90.5,0.0089186176142697,88.6,0.0091116173120728,4.745370370370372,4.358068315665475
1981-07-01,91.5,0.011049723756906,89.8,0.0135440180586907,4.931192660550465,5.152224824355955
1981-08-01,92.2,0.0076502732240437,90.7,0.010022271714922,4.772727272727284,5.587892898719438
1981-09-01,93.1,0.0097613882863338,91.8,0.0121278941565601,5.0790067720090315,6.25
1981-10-01,93.4,0.0032223415682064,92.1,0.0032679738562091,4.826038159371504,5.862068965517242
1981-11-01,93.8,0.0042826552462524,92.5,0.004343105320304,4.570791527313256,5.353075170842825
1981-12-01,94.1,0.0031982942430703,93.0,0.0054054054054053,3.977900552486191,4.966139954853288
1982-01-01,94.4,0.0031880977683316,93.3,0.0032258064516128,3.1693989071038375,3.897550111358572
1982-02-01,94.7,0.0031779661016948,93.8,0.0053590568060022,2.711496746203901,3.4178610804851184
1982-03-01,94.7,0.0,93.9,0.0010660980810235,1.7185821697099923,2.2875816993464193
1982-04-01,95.0,0.0031678986272438,94.7,0.0085197018104365,1.7130620985010614,2.8230184581976125
1982-05-01,95.9,0.0094736842105263,95.4,0.0073917634635691,2.2388059701492713,3.1351351351351475
1982-06-01,97.0,0.0114702815432741,96.1,0.0073375262054506,3.081827842720508,3.3333333333333215
1982-07-01,97.5,0.0051546391752577,96.7,0.0062434963579605,3.2838983050847315,3.644158628081473
1982-08-01,97.7,0.0020512820512821,97.1,0.0041365046535677,3.167898627243937,3.518123667377404
1982-09-01,97.7,0.0,97.2,0.0010298661174048,3.167898627243937,3.514376996805102
1982-10-01,98.1,0.0040941658137154,97.5,0.0030864197530864,3.2631578947368345,2.9567053854276715
1982-11-01,98.0,-0.0010193679918449,97.3,-0.0020512820512821,2.1897810218977964,1.991614255765195
1982-12-01,97.7,-0.0030612244897958,97.2,-0.001027749229188,0.7216494845360799,1.1446409989594342
1983-03-01,98.1,0.0010204081632652,98.2,0.0020408163265306,0.4094165813715467,1.0288065843621297
1983-04-01,98.8,0.0071355759429154,98.6,0.0040733197556006,0.7135575942915473,1.1282051282051286
1983-05-01,99.2,0.0040485829959515,98.9,0.0030425963488844,1.2244897959183598,1.6443987667009274
1983-06-01,99.4,0.002016129032258,99.2,0.0030333670374114,1.7400204708290623,2.0576131687242816
1983-07-01,99.8,0.004024144869215,99.8,0.0060483870967742,1.9407558733401276,2.254098360655732
1983-08-01,100.1,0.003006012024048,100.1,0.003006012024048,2.1428571428571352,2.1428571428571352
1983-09-01,100.4,0.002997002997003,100.5,0.003996003996004,2.3445463812436396,2.3421588594704668
1983-10-01,100.8,0.0039840637450199,101.0,0.0049751243781095,2.0242914979757165,2.4340770791075217
1983-11-01,101.1,0.0029761904761904,101.5,0.0049504950495049,1.9153225806451513,2.628918099089983
1983-12-01,101.4,0.0029673590504453,101.8,0.0029556650246305,2.012072434607637,2.620967741935476
1984-01-01,102.1,0.0069033530571991,102.5,0.0068762278978389,2.3046092184368705,2.7054108216432837
1984-02-01,102.6,0.0048971596474045,102.8,0.0029268292682926,2.4975024975024906,2.697302697302706
1984-03-01,102.9,0.0029239766081872,103.2,0.0038910505836575,2.490039840637448,2.686567164179099
1984-04-01,103.3,0.0038872691933915,103.7,0.00484496124031,2.4801587301587213,2.6732673267326756
1984-05-01,103.5,0.0019361084220717,104.1,0.0038572806171648,2.3738872403560984,2.5615763546797954
1984-06-01,103.7,0.0019323671497584,104.5,0.0038424591738712,2.268244575936884,2.6522593320235766
1984-07-01,104.1,0.0038572806171648,105.0,0.0047846889952152,1.9588638589618013,2.4390243902439046
1984-08-01,104.4,0.0028818443804035,105.4,0.0038095238095239,1.7543859649122862,2.529182879377445
1984-09-01,104.7,0.0028735632183907,105.8,0.0037950664136621,1.7492711370262315,2.519379844961245
1984-10-01,105.1,0.0038204393505252,106.2,0.0037807183364839,1.742497579864466,2.4108003857280513
1984-11-01,105.3,0.0019029495718363,106.4,0.0018832391713747,1.7391304347825987,2.2094140249759864
1984-12-01,105.5,0.0018993352326686,106.8,0.0037593984962405,1.7357762777242103,2.200956937799048
1985-01-01,105.7,0.0018957345971564,107.1,0.002808988764045,1.5369836695485084,2.0000000000000018
1985-02-01,106.3,0.0056764427625353,107.7,0.0056022408963585,1.8199233716474916,2.182163187855779
1985-03-01,106.8,0.0047036688617121,108.1,0.0037140204271122,2.005730659025784,2.1739130434782483
1985-04-01,107.0,0.00187265917603,108.4,0.0027752081406107,1.8078020932445371,2.0715630885122405
1985-05-01,107.2,0.0018691588785046,108.8,0.0036900369003689,1.8043684710351338,2.2556390977443552
1985-06-01,107.5,0.0027985074626866,109.1,0.0027573529411764,1.8957345971563955,2.1535580524344455
1985-07-01,107.7,0.001860465116279,109.4,0.0027497708524291,1.8921475875118166,2.147525676937456
1985-08-01,107.9,0.0018570102135562,109.8,0.0036563071297988,1.5051740357478804,1.949860724233976
1985-09-01,108.1,0.0018535681186282,110.0,0.0018214936247722,1.217228464419473,1.757631822386685
1985-10-01,108.5,0.0037002775208141,110.5,0.0045454545454546,1.4018691588784993,1.9372693726937174
1985-11-01,109.0,0.0046082949308756,111.1,0.0054298642533936,1.679104477611948,2.113970588235281
1985-12-01,109.5,0.0045871559633028,111.4,0.0027002700270029,1.8604651162790642,2.108157653528875
1986-01-01,109.9,0.0036529680365298,111.9,0.0044883303411131,2.042711234911798,2.2851919561243106
1986-02-01,109.7,-0.0018198362147406,112.2,0.002680965147453,1.6682113067655102,2.1857923497267784
1986-03-01,109.1,-0.0054694621695533,112.5,0.0026737967914438,0.9250693802035137,2.2727272727272707
1986-04-01,108.7,-0.0036663611365719,112.9,0.0035555555555555,0.18433179723502668,2.1719457013574806
1986-05-01,109.0,0.0027598896044158,113.1,0.0017714791851195,0.0,1.8001800180017957
1986-06-01,109.4,0.0036697247706423,113.4,0.0026525198938993,-0.09132420091323423,1.795332136445249
1986-07-01,109.5,0.0009140767824495,113.8,0.00352733686067,-0.36396724294813776,1.6979445933869464
1986-08-01,109.6,0.0009132420091324,114.2,0.0035149384885764,-0.09115770282589475,1.7825311942959
1986-09-01,110.0,0.0036496350364965,114.6,0.0035026269702276,0.8249312557286892,1.866666666666661
1986-10-01,110.2,0.0018181818181819,115.0,0.0034904013961605,1.3799448022079108,1.8600531443755397
1986-11-01,110.4,0.0018148820326679,115.3,0.0026086956521738,1.2844036697247763,1.945181255526096
1986-12-01,110.8,0.0036231884057971,115.6,0.0026019080659149,1.279707495429605,1.94003527336859
1987-01-01,111.4,0.0054151624548737,115.9,0.0025951557093426,1.7351598173515947,1.8453427065026506
1987-02-01,111.8,0.0035906642728904,116.2,0.0025884383088869,2.007299270072993,1.7513134851138368
1987-03-01,112.2,0.0035778175313059,116.6,0.0034423407917383,2.0000000000000018,1.7452006980802848
1987-04-01,112.7,0.0044563279857396,117.3,0.0060034305317324,2.268602540834852,2.0000000000000018
1987-05-01,113.0,0.0026619343389528,117.7,0.0034100596760444,2.3550724637681153,2.0815264527320076
1987-06-01,113.5,0.0044247787610618,117.9,0.0016992353440952,2.436823104693153,1.9896193771626436
1987-07-01,113.8,0.0026431718061674,118.3,0.003392705682782,2.154398563734272,2.070750647109576
1987-08-01,114.3,0.0043936731107205,118.7,0.0033812341504648,2.2361359570661987,2.151462994836484
1987-09-01,114.7,0.0034995625546807,119.2,0.0042122999157538,2.2281639928698693,2.2298456260720467
1987-10-01,115.0,0.0026155187445509,119.8,0.0050335570469797,2.0408163265306145,2.1312872975277175
1987-11-01,115.4,0.0034782608695653,120.1,0.0025041736227044,2.123893805309729,2.0390824129141727
1987-12-01,115.6,0.0017331022530329,120.4,0.0024979184013322,1.8502202643171817,2.120441051738764
1988-01-01,116.0,0.0034602076124568,120.9,0.0041528239202657,1.9332161687170446,2.197802197802212
1988-02-01,116.2,0.0017241379310344,121.2,0.0024813895781636,1.6622922134733153,2.1061499578769904
1988-03-01,116.5,0.0025817555938036,121.7,0.0041254125412542,1.5693112467306092,2.097315436241609
1988-04-01,117.2,0.0060085836909871,122.3,0.0049301561216104,1.9130434782608674,2.086811352253748
1988-05-01,117.5,0.0025597269624573,122.7,0.0032706459525757,1.81975736568456,2.164862614487939
1988-06-01,118.0,0.004255319148936,123.2,0.0040749796251018,2.076124567474058,2.3255813953488413
1988-07-01,118.5,0.0042372881355932,123.6,0.0032467532467532,2.155172413793105,2.2332506203473823
1988-08-01,119.0,0.0042194092827003,124.0,0.0032362459546926,2.4096385542168752,2.310231023102305
1988-09-01,119.5,0.0042016806722688,124.7,0.0056451612903225,2.5751072961373467,2.465078060805248
1988-10-01,119.9,0.003347280334728,125.2,0.0040096230954289,2.3037542662116106,2.3712183156173294
1988-11-01,120.3,0.0033361134278564,125.6,0.0031948881789136,2.38297872340425,2.3634881825590703
1988-12-01,120.7,0.0033250207813799,126.0,0.0031847133757962,2.2881355932203418,2.2727272727272707
1989-01-01,121.2,0.0041425020712511,126.5,0.0039682539682539,2.27848101265824,2.346278317152106
1989-02-01,121.6,0.0033003300330032,126.9,0.0031620553359683,2.184873949579824,2.3387096774193594
1989-03-01,122.2,0.0049342105263159,127.4,0.0039401103230889,2.259414225941425,2.165196471531683
1989-04-01,123.1,0.0073649754500817,127.8,0.0031397174254317,2.6688907422852237,2.076677316293929
1989-05-01,123.7,0.0048740861088547,128.3,0.0039123630672928,2.82626766417291,2.1496815286624393
1989-06-01,124.1,0.0032336297493935,128.8,0.0038971161340608,2.8169014084507005,2.2222222222222365
1989-07-01,124.5,0.0032232070910556,129.2,0.0031055900621115,2.722772277227725,2.134387351778644
1989-08-01,124.5,0.0,129.5,0.0023219814241486,2.3848684210526327,2.048857368006307
1989-09-01,124.8,0.0024096385542169,129.9,0.0030888030888032,2.127659574468077,1.9623233908948157
1989-10-01,125.4,0.0048076923076922,130.6,0.0053887605850653,1.8683996750609388,2.1909233176838683
1989-11-01,125.9,0.0039872408293459,131.1,0.0038284839203674,1.7784963621665373,2.1823850350740415
1989-12-01,126.3,0.0031771247021445,131.6,0.0038138825324181,1.7727639000805873,2.1739130434782483
1990-01-01,127.5,0.009501187648456,132.1,0.0037993920972645,2.4096385542168752,2.244582043343657
1990-02-01,128.0,0.0039215686274509,132.7,0.0045420136260407,2.8112449799196693,2.4710424710424617
1990-03-01,128.6,0.0046874999999999,133.5,0.0060286360211003,3.044871794871784,2.771362586605086
1990-04-01,128.9,0.0023328149300156,134.0,0.0037453183520599,2.7910685805422553,2.6033690658499253
1990-05-01,129.1,0.0015515903801395,134.4,0.0029850746268658,2.5416997617156323,2.517162471395884
1990-06-01,129.9,0.0061967467079784,135.1,0.0052083333333332,2.8503562945368266,2.659574468085113
1990-07-01,130.5,0.0046189376443417,135.8,0.005181347150259,2.35294117647058,2.800908402725222
1990-08-01,131.6,0.0084291187739462,136.6,0.0058910162002945,2.8124999999999956,2.9389600602863553
1990-09-01,132.5,0.0068389057750759,137.1,0.0036603221083455,3.032659409020222,2.696629213483148
1990-10-01,133.4,0.0067924528301888,137.6,0.0036469730123998,3.491078355314192,2.686567164179099
1990-11-01,133.7,0.0022488755622187,138.0,0.002906976744186,3.5631293570875355,2.678571428571419
1990-12-01,134.2,0.0037397157816005,138.6,0.0043478260869564,3.3102386451116184,2.590673575129543
1991-01-01,134.7,0.003725782414307,139.5,0.0064935064935065,3.218390804597693,2.72459499263622
1991-02-01,134.8,0.0007423904974017,140.2,0.0050179211469534,2.4316109422492627,2.6354319180087904
1991-03-01,134.8,0.0,140.5,0.0021398002853068,1.7358490566037776,2.479941648431816
1991-04-01,135.1,0.0022255192878337,140.9,0.0028469750889679,1.2743628185907019,2.398255813953498
1991-05-01,135.6,0.0037009622501851,141.3,0.0028388928317957,1.4210919970082392,2.3913043478260843
1991-06-01,136.0,0.0029498525073747,141.8,0.0035385704175512,1.3412816691505292,2.308802308802327
1991-07-01,136.2,0.0014705882352941,142.3,0.0035260930888576,1.1135857461024523,2.007168458781372
1991-08-01,136.6,0.0029368575624082,142.9,0.0042164441321153,1.3353115727002818,1.9258202567760563
1991-09-01,137.0,0.0029282576866764,143.4,0.0034989503149054,1.6320474777447913,2.0640569395017794
1991-10-01,137.2,0.0014598540145984,143.7,0.0020920502092049,1.5544041450777257,1.9872249822568966
1991-11-01,137.8,0.0043731778425657,144.2,0.0034794711203895,1.6224188790560534,2.0523708421797515
1991-12-01,138.2,0.0029027576197386,144.7,0.0034674063800277,1.6176470588235237,2.0451339915373623
1992-01-01,138.3,0.0007235890014474,145.1,0.0027643400138217,1.5418502202643403,1.9676739283204459
1992-02-01,138.6,0.002169197396963,145.4,0.0020675396278428,1.4641288433382194,1.7494751574527623
1992-03-01,139.1,0.0036075036075036,145.9,0.0034387895460796,1.532846715328473,1.7433751743375137
1992-04-01,139.4,0.0021567217828901,146.3,0.0027416038382455,1.6034985422740622,1.809324982602667
1992-05-01,139.7,0.0021520803443326,146.8,0.0034176349965824,1.3788098693758855,1.8030513176144458
1992-06-01,140.1,0.0028632784538296,147.1,0.002043596730245,1.374819102749636,1.6586040082930298
1992-07-01,140.5,0.0028551034975017,147.6,0.0033990482664854,1.5907447577729439,1.7229496898690577
1992-08-01,140.8,0.0021352313167259,147.9,0.0020325203252034,1.5873015873016039,1.719394773039884
1992-09-01,141.1,0.0021306818181816,148.1,0.0013522650439485,1.4378145219266614,1.5078821110349416
1992-10-01,141.7,0.0042523033309709,148.8,0.0047265361242405,1.6499282639885093,1.708817498291193
1992-11-01,142.1,0.0028228652081863,149.2,0.0026881720430105,1.717967072297788,1.634877384196165
1992-12-01,142.3,0.0014074595355384,149.6,0.002680965147453,1.570306923625986,1.6995241332427025
1993-01-01,142.8,0.0035137034434293,150.1,0.0033422459893048,1.6370106761566028,1.6937669376693831
1993-02-01,143.1,0.0021008403361342,150.6,0.0033311125916055,1.633522727272707,1.8255578093306246
1993-03-01,143.3,0.0013976240391335,150.8,0.0013280212483401,1.5591778880226892,1.823092505064161
1993-04-01,143.8,0.0034891835310537,151.4,0.0039787798408488,1.482004234297829,1.7473118279569766
1993-05-01,144.2,0.002781641168289,151.8,0.0026420079260238,1.477832512315258,1.7426273458445163
1993-06-01,144.3,0.0006934812760057,152.1,0.0019762845849802,1.4054813773717534,1.6711229946523964
1993-07-01,144.5,0.0013860013860012,152.3,0.0013149243918475,1.1904761904761862,1.4656895403064807
1993-08-01,144.8,0.002076124567474,152.8,0.0032829940906107,1.1879804332634691,1.4608233731739917
1993-09-01,145.0,0.0013812154696131,152.9,0.00065445026178,1.1863224005582707,1.392572944297088
1993-10-01,145.6,0.0041379310344826,153.4,0.0032701111837802,1.2517385257301727,1.3210039630118908
1993-11-01,146.0,0.0027472527472527,153.9,0.0032594524119948,1.2482662968099856,1.383399209486158
1993-12-01,146.3,0.002054794520548,154.3,0.0025990903183885,1.3860013860013787,1.4464168310322378
1994-01-01,146.3,0.0,154.5,0.0012961762799739,1.245674740484426,1.4445173998686833
1994-02-01,146.7,0.0027341079972658,154.8,0.0019417475728156,1.3121546961325725,1.308900523560208
1994-03-01,147.1,0.0027266530334015,155.3,0.0032299741602066,1.4482758620689706,1.5696533682145297
1994-04-01,147.2,0.0006798096532969,155.5,0.0012878300064391,1.098901098901095,1.3689700130377958
1994-05-01,147.5,0.0020380434782609,155.9,0.002572347266881,1.0273972602739656,1.299545159194282
1994-06-01,147.9,0.0027118644067796,156.4,0.0032071840923668,1.0936431989063466,1.3609850939727774
1994-07-01,148.4,0.0033806626098715,156.7,0.0019181585677747,1.4354066985645897,1.423948220064708
1994-08-01,149.0,0.0040431266846361,157.1,0.0025526483726867,1.5678254942058656,1.4857881136950857
1994-09-01,149.3,0.002013422818792,157.5,0.0025461489497136,1.4955812372535737,1.4166130070830674
1994-10-01,149.4,0.000669792364367,157.8,0.001904761904762,1.4945652173913082,1.479099678456608
1994-11-01,149.8,0.0026773761713521,158.2,0.0025348542458807,1.5593220338983027,1.475304682488754
1994-12-01,150.1,0.002002670226969,158.3,0.0006321112515803,1.487491548343467,1.2148337595907943
1995-01-01,150.5,0.0026648900732844,159.0,0.0044219835754895,1.4150943396226356,1.4677728142948432
1995-02-01,150.9,0.00265780730897,159.4,0.0025157232704402,1.2751677852349097,1.4640356460853043
1995-03-01,151.2,0.0019880715705764,159.9,0.0031367628607277,1.272605492297374,1.5238095238095273
1995-04-01,151.8,0.0039682539682541,160.4,0.0031269543464664,1.6064257028112428,1.6476552598225558
1995-05-01,152.1,0.0019762845849802,160.7,0.0018703241895261,1.5353805073431204,1.5802781289506962
1995-06-01,152.4,0.0019723865877712,161.1,0.0024891101431239,1.5323117921385743,1.7687934301958252
1995-07-01,152.6,0.0013123359580051,161.4,0.0018621973929238,1.3953488372093092,1.5094339622641506
1995-08-01,152.9,0.0019659239842726,161.8,0.0024783147459728,1.3253810470510219,1.505646173149322
1995-09-01,153.1,0.001308044473512,162.2,0.0024721878862792,1.256613756613767,1.4383989993745905
1995-10-01,153.5,0.0026126714565644,162.7,0.0030826140567201,1.1198945981554687,1.4339152119700715
1995-11-01,153.7,0.001302931596091,163.0,0.0018438844499077,1.051939513477973,1.431238332296214
1995-12-01,153.9,0.0013012361743658,163.1,0.0006134969325153,0.9842519685039353,1.2414649286157653
1996-01-01,154.7,0.0051981806367771,163.7,0.0036787247087675,1.3761467889908285,1.4250309789343163
1996-02-01,155.0,0.0019392372333548,164.0,0.001832620647526,1.373446697187708,1.3597033374536327
1996-03-01,155.5,0.0032258064516128,164.4,0.0024390243902439,1.5676028739386005,1.356350184956856
1996-04-01,156.1,0.0038585209003214,164.6,0.0012165450121652,1.693811074918572,1.1677934849416038
1996-05-01,156.4,0.0019218449711724,165.0,0.0024301336573511,1.7566688353936266,1.2269938650306678
1996-06-01,156.7,0.0019181585677747,165.4,0.0024242424242424,1.8193632228719947,1.4101778050275904
1996-07-01,157.0,0.001914486279515,165.7,0.0018137847642079,1.486748545572092,1.221747098350634
1996-08-01,157.2,0.0012738853503184,166.0,0.0018105009052504,1.4193548387096744,1.2195121951219523
1996-09-01,157.7,0.0031806615776082,166.5,0.0030120481927711,1.414790996784565,1.2773722627737127
1996-10-01,158.2,0.0031705770450221,166.8,0.0018018018018017,1.3452914798206317,1.3365735115431487
1996-11-01,158.7,0.0031605562579013,167.2,0.0023980815347719,1.4705882352941124,1.3333333333333197
1996-12-01,159.1,0.0025204788909893,167.4,0.0011961722488038,1.5315890236120122,1.2091898428053138
1997-01-01,159.4,0.0018856065367693,167.8,0.002389486260454,1.5286624203821653,1.2673506336753348
1997-02-01,159.7,0.0018820577164364,168.1,0.0017878426698449,1.5903307888040619,1.2650602409638445
1997-03-01,159.8,0.0006261740763933,168.4,0.0017846519928614,1.3316423589093462,1.1411411411411443
1997-04-01,159.9,0.0006257822277846,168.9,0.0029691211401425,1.074589127686476,1.2589928057553879
1997-05-01,159.9,0.0,169.2,0.0017761989342806,0.7561436672967936,1.1961722488038173
1997-06-01,160.2,0.0018761726078797,169.4,0.0011820330969267,0.691389063482073,1.194743130227005
1997-07-01,160.4,0.0012484394506866,169.7,0.0017709563164107,0.6273525721455453,1.1323003575685275
1997-08-01,160.8,0.0024937655860348,169.8,0.0005892751915146,0.6887914840325804,1.0113027959548049
1997-09-01,161.2,0.0024875621890545,170.2,0.0023557126030622,0.8760951188986121,1.0688836104512989
1997-10-01,161.5,0.0018610421836229,170.6,0.0023501762632198,1.000625390869292,1.0065127294256904
1997-11-01,161.7,0.0012383900928791,170.8,0.0011723329425556,1.1257035647279423,0.9456264775413947
1997-12-01,161.8,0.0006184291898578,171.2,0.002341920374707,0.998751560549338,1.0625737898465104
1998-01-01,162.0,0.0012360939431395,171.6,0.0023364485981309,0.9975062344139696,1.1196228638774341
1998-02-01,162.0,0.0,171.9,0.0017482517482518,0.746268656716409,1.2367491166077604
1998-03-01,162.0,0.0,172.2,0.0017452006980802,0.496277915632759,1.1750881316098694
1998-04-01,162.2,0.0012345679012344,172.5,0.0017421602787457,0.43343653250773606,1.1137162954279134
1998-05-01,162.6,0.0024660912453762,172.9,0.0023188405797101,0.5565862708719838,1.2295081967213184
1998-06-01,162.8,0.0012300123001232,173.2,0.0017351069982647,0.6180469715698411,1.1682242990654235
1998-07-01,163.2,0.0024570024570023,173.5,0.0017321016166282,0.7407407407407307,1.1072261072261114
1998-08-01,163.4,0.0012254901960784,174.0,0.0028818443804035,0.8641975308641969,1.2216404886561838
1998-09-01,163.5,0.000611995104039,174.2,0.0011494252873562,0.92592592592593,1.1614401858304202
1998-10-01,163.9,0.002446483180428,174.4,0.0011481056257176,1.0480887792848392,1.1014492753623317
1998-11-01,164.1,0.0012202562538132,174.8,0.0022935779816513,0.9225092250922495,1.098901098901095
1998-12-01,164.4,0.0018281535648996,175.4,0.0034324942791761,0.9828009828009687,1.2702078521940052
1999-01-01,164.7,0.001824817518248,175.6,0.001140250855188,0.9191176470588314,1.2103746397694515
1999-04-01,165.9,0.0066747572815533,176.3,0.0034149117814457,1.220256253813301,1.089449541284404
1999-05-01,166.0,0.0006027727546713,176.5,0.0011344299489506,1.157830591102993,0.97254004576659
1999-07-01,166.7,0.0042168674698794,177.1,0.0028312570781428,1.2143290831815312,0.8542141230068356
1999-08-01,167.1,0.0023995200959807,177.3,0.0011293054771317,1.4571948998178597,0.9681093394077633
1999-09-01,167.8,0.0041891083183722,177.8,0.002820078962211,1.8203883495145678,1.1952191235059972
1999-10-01,168.1,0.0017878426698449,178.1,0.0016872890888637,1.3261000602772688,1.0209869540555694
1999-11-01,168.4,0.0017846519928614,178.4,0.0016844469399215,1.4457831325301207,1.0764872521246582
1999-12-01,168.8,0.002375296912114,178.7,0.0016816143497757,1.6867469879518149,1.1891279728199367
2000-01-01,169.3,0.0029620853080569,179.3,0.0033575825405709,1.559688062387532,1.2422360248447228
2000-02-01,170.0,0.0041346721795627,179.4,0.0005577244841048,1.7354877318970674,1.1844331641285955
2000-03-01,171.0,0.0058823529411764,180.0,0.0033444816053511,1.9070321811680557,1.237345331833506
2000-04-01,170.9,-0.0005847953216373,180.3,0.0016666666666667,1.6656751933373126,1.2352610892756966
2000-05-01,171.2,0.0017554125219425,180.7,0.0022185246810868,1.6627078384797933,1.2892376681614248
2000-06-01,172.2,0.0058411214953271,181.1,0.002213613724405,2.014218009478652,1.3430330162283122
2000-07-01,172.7,0.0029036004645761,181.5,0.0022087244616233,2.008269344359115,1.2269938650306678
2000-08-01,172.7,0.0,181.9,0.0022038567493112,1.5882352941176459,1.3935340022296572
2000-09-01,173.6,0.0052113491603937,182.3,0.0021990104452995,1.5204678362572999,1.2777777777777777
2000-10-01,173.9,0.0017281105990785,182.6,0.0016456390565002,1.7554125219426675,1.2756516916250682
2000-11-01,174.2,0.0017251293847038,183.1,0.0027382256297918,1.7523364485981352,1.3281682346430568
2000-12-01,174.6,0.002296211251435,183.3,0.0010922992900055,1.3937282229965264,1.2147984538928958
2001-01-01,175.6,0.0057273768613974,183.9,0.0032733224222585,1.6792125072379926,1.3223140495867813
2001-02-01,176.0,0.0022779043280183,184.4,0.0027188689505166,1.9108280254777066,1.374381528312263
2001-03-01,176.1,0.0005681818181817,184.7,0.0016268980477223,1.440092165898621,1.3165112452002026
2001-04-01,176.4,0.0017035775127769,185.1,0.0021656740660531,1.4376078205865506,1.3691128148959564
2001-05-01,177.3,0.0051020408163264,185.3,0.0010804970286333,1.7795637198622316,1.2015292190060256
2001-06-01,177.7,0.0022560631697685,186.0,0.0037776578521315,1.7754868270332125,1.4729950900163713
2001-07-01,177.4,-0.0016882386043892,186.4,0.0021505376344086,1.025056947608216,1.3594344752583032
2001-08-01,177.4,0.0,186.7,0.0016094420600858,0.7954545454545547,1.2472885032537961
2001-09-01,178.1,0.0039458850056368,187.1,0.0021424745581146,1.1357183418512218,1.299404439631835
2001-10-01,177.6,-0.0028074115665356,187.4,0.0016034206306787,0.6802721088435382,1.2425715829281536
2001-11-01,177.5,-0.000563063063063,188.1,0.003735325506937,0.11280315848842815,1.5110631408526531
2001-12-01,177.4,-0.0005633802816901,188.4,0.0015948963317384,-0.16882386043892694,1.2903225806451646
2002-01-01,177.7,0.0016910935738443,188.7,0.0015923566878979,0.16910935738443378,1.2339055793991305
2002-02-01,178.0,0.0016882386043894,189.1,0.0021197668256491,0.33821871476888976,1.2854847348687803
2002-03-01,178.5,0.002808988764045,189.2,0.0005288207297726,0.224592925322864,1.1223944414751497
2002-04-01,179.3,0.0044817927170868,189.7,0.0026427061310783,0.9572072072072224,1.2273212379935838
2002-05-01,179.5,0.0011154489682096,190.0,0.0015814443858725,1.1267605633802802,1.0101010101010166
2002-06-01,179.6,0.0005571030640667,190.2,0.0010526315789474,1.2401352874858995,0.9554140127388422
2002-07-01,180.0,0.0022271714922048,190.5,0.001577287066246,1.294316263365225,0.9538950715421324
2002-08-01,180.5,0.0027777777777777,191.1,0.0031496062992124,1.404494382022481,1.057641459545211
2002-09-01,180.8,0.0016620498614958,191.3,0.001046572475144,1.2885154061624604,1.1099365750528722
2002-10-01,181.2,0.0022123893805308,191.5,0.0010454783063251,1.059676519799213,0.9488666315234706
2002-11-01,181.5,0.0016556291390728,191.9,0.0020887728459531,1.1142061281337101,1.0000000000000009
2002-12-01,181.8,0.0016528925619836,192.1,0.0010422094841062,1.2249443207126953,0.9989484752891631
2003-01-01,182.6,0.0044004400440043,192.4,0.0015616866215513,1.4444444444444482,0.9973753280839937
2003-02-01,183.6,0.0054764512595837,192.5,0.0005197505197505,1.7174515235456989,0.73260073260073
2003-03-01,183.9,0.0016339869281045,192.5,0.0,1.7146017699114946,0.6272869837950834
2003-04-01,183.2,-0.0038064165307233,192.5,0.0,1.103752759381904,0.5221932114882533
2003-11-01,185.0,0.0005408328826392,194.0,0.0,1.1481683980317126,0.5702436495593544
2003-12-01,185.5,0.0027027027027026,194.2,0.0010309278350515,1.3107591480065572,0.6217616580310725
2004-01-01,186.3,0.0043126684636118,194.6,0.0020597322348094,1.4153511159499255,0.6204756980351611
2004-02-01,186.7,0.0021470746108425,194.9,0.0015416238437822,1.19241192411923,0.6714876033057982
2004-03-01,187.1,0.0021424745581146,195.5,0.0030785017957926,1.080497028633176,0.929272070211673
2004-04-01,187.4,0.0016034206306787,195.9,0.0020460358056266,1.3520822065981708,0.9793814432989656
2004-05-01,188.2,0.0042689434364993,196.2,0.0015313935681469,1.7297297297297343,1.134020618556697
2004-06-01,188.9,0.0037194473963868,196.6,0.0020387359836901,1.8328840970350369,1.2358393408856916
2004-07-01,189.1,0.0010587612493382,196.8,0.0010172939979655,1.5029522275898932,1.1305241521069043
2004-08-01,189.2,0.0005288207297726,196.9,0.0005081300813007,1.3390465988216471,1.0261672652642329
2004-09-01,189.8,0.003171247357294,197.5,0.0030472320975114,1.4430785676109226,1.0230179028132946
2004-10-01,190.8,0.0052687038988408,197.9,0.0020253164556962,1.8143009605122717,1.0209290454313402
2004-11-01,191.7,0.0047169811320753,198.3,0.0020212228398182,1.859723698193405,1.070336391437321
2004-12-01,191.7,0.0,198.6,0.0015128593040847,1.4822657490735747,1.0172939979654183
2005-01-01,191.6,-0.0005216484089722,199.0,0.0020140986908359,1.322051824431525,1.1178861788617933
2005-02-01,192.4,0.0041753653444676,199.4,0.0020100502512563,1.6913319238900826,1.2696800406297504
2005-03-01,193.1,0.0036382536382535,200.1,0.0035105315947843,1.738672286617482,1.3164556962025342
2005-04-01,193.7,0.0031071983428274,200.2,0.0004997501249375,1.5199161425576424,1.1622031328953897
2005-05-01,193.6,-0.0005162622612286,200.5,0.0014985014985016,0.9911319770474769,1.1094301563287834
2005-06-01,193.7,0.0005165289256197,200.6,0.0004987531172069,1.0432968179447055,1.007049345417932
2005-07-01,194.9,0.0061951471347445,200.9,0.0014955134596212,1.7223382045929103,0.9547738693467256
2005-08-01,196.1,0.0061570035915854,201.1,0.000995520159283,1.9230769230769162,0.8525576730190609
2005-09-01,198.8,0.0137684854665987,201.3,0.000994530084535,2.951838425686182,0.5997001499250532
2005-10-01,199.1,0.0015090543259557,202.0,0.0034773969200199,2.787816210634997,0.899100899100902
2005-11-01,198.1,-0.0050226017076845,202.5,0.0024752475247524,2.3243801652892637,0.9975062344139696
2005-12-01,198.1,0.0,202.8,0.0014814814814816,2.271553949406302,1.0967098703888345
2006-01-01,199.3,0.0060575466935892,203.2,0.0019723865877709,2.257567983581321,1.1448481831757062
2006-02-01,199.4,0.0005017561465128,203.6,0.0019685039370078,1.682814890362061,1.2431626056688128
2006-03-01,199.7,0.0015045135406217,204.3,0.0034381139489194,0.45271629778671496,1.4903129657227954
2006-04-01,200.7,0.0050075112669003,204.8,0.0024473813020069,0.8036162732295349,1.3861386138613874
2006-05-01,201.3,0.0029895366218237,205.4,0.0029296875,1.6153457849571007,1.4320987654321105
2006-06-01,201.8,0.0024838549428713,205.9,0.0024342745861734,1.8677435638566386,1.5285996055226736
2006-07-01,202.9,0.0054509415262635,206.3,0.0019426906265178,1.8063221274460473,1.5255905511811108
2006-08-01,203.8,0.0044356826022671,206.8,0.0024236548715463,2.206619859578729,1.5717092337917515
2006-09-01,202.8,-0.0049067713444553,207.2,0.0019342359767891,1.552328492739119,1.4194811551639708
2006-10-01,201.9,-0.0044378698224852,207.6,0.001930501930502,0.5979073243647326,1.3671875
2006-11-01,202.0,0.0004952947003467,207.8,0.0009633911368016,0.3477396920019915,1.1684518013632017
2006-12-01,203.1,0.0054455445544554,208.1,0.001443695861405,0.6442021803765963,1.0684798445847354
2007-01-01,203.437,0.0016592811422946,208.6,0.0024026910139356,0.26466239526861113,1.1148812409112807
2007-02-01,204.226,0.0038783505458692,209.135,0.0025647171620326,0.20902845927379676,1.1291102514506601
2007-03-01,205.288,0.0052001214340975,209.418,0.0013531929136683,1.2268244575936782,1.0704633204633218
2007-04-01,205.904,0.0030006624839249,209.747,0.0015710206381496,1.9831599801882094,1.0342003853564652
2007-05-01,206.755,0.004132994016629,210.058,0.0014827387280866,2.3539603960396116,1.0866217516843024
2007-06-01,207.234,0.0023167517109623,210.392,0.0015900370373895,2.035450516986703,1.1013935607880887
2007-07-01,207.603,0.0017805958481715,210.773,0.001810905357618,2.0478084124323503,1.041706615532112
2007-08-01,207.667,0.000308280708853,211.119,0.0016415764827564,1.6848981030818777,0.9486695196882389
2007-09-01,208.547,0.004237553390765,211.554,0.0020604493200517,1.5875258173882578,1.0199696301177452
2007-10-01,209.19,0.0030832378312801,212.077,0.0024721820433553,1.5958893464915747,1.1108621339041669
2007-11-01,210.834,0.0078588842678903,212.66,0.0027490015418927,1.9728664361200465,1.2387055003856062
2007-12-01,211.445,0.0028980145517325,213.168,0.0023887896172294,2.03200247063704,1.3194418038708688
2008-01-01,212.174,0.0034477050769703,213.771,0.0028287547849581,2.201798625260709,1.4223833223420357
2008-02-01,212.687,0.0024178268779397,213.939,0.0007858877022608,2.4173315933682327,1.3357395592059396
2008-03-01,213.448,0.0035780278061188,214.42,0.0022483044232233,2.350069768445495,1.3547368520566705
2008-04-01,213.942,0.0023143810202015,214.56,0.0006529241675217,2.271619102251554,1.1708011712727062
2008-05-01,215.208,0.0059174916566171,214.936,0.0017524235645041,2.074617945872115,1.0702529859870191
2008-06-01,217.463,0.0104782350098509,215.424,0.0022704432947482,2.8461301993426114,1.0583201981535728
2008-07-01,219.016,0.007141444751521,215.965,0.0025113265002971,3.2247117931508917,1.0263319159287354
2008-08-01,218.69,-0.0014884757278006,216.393,0.0019818026069038,2.822457413946311,1.147055936505259
2008-09-01,218.877,0.00085509168229,216.713,0.0014787909035873,2.5434766313106705,1.0693965115194493
2008-10-01,216.995,-0.0085984365648286,216.788,0.0003460798383114,1.4270222770657481,1.0384041759880835
2009-06-01,214.79,0.0082996122466223,219.112,0.000950188210357,1.6045563344970093,1.0081825515731113
2009-07-01,214.726,-0.0002979654546301,219.263,0.0006891452773012,1.3178693266268082,0.882003809593912
2009-08-01,215.445,0.0033484533777929,219.496,0.0010626507892348,1.2881690604358065,0.7823978842198098
2009-09-01,215.861,0.0019308872334005,219.92,0.0019316980719465,1.5840372714652107,0.7637924793702622
2009-10-01,216.509,0.0030019317987037,220.501,0.0026418697708259,1.786478240224909,0.8207365138587885
2009-11-01,217.234,0.0033485905897676,220.666,0.0007482959260955,1.9772605646365182,0.8049190512736226
2009-12-01,217.347,0.0005201763996427,220.881,0.0009743231852663,1.1904651054518434,0.807349665924284
2010-01-01,217.488,0.0006487322116246,220.633,-0.0011227765176723,1.2862904352523685,0.6248204211380948
2010-11-01,219.59,0.0025338416234848,222.149,0.0014380381373122,1.0584932578581618,0.5371964410170182
2010-12-01,220.472,0.0040165763468282,222.343,0.000873287748313,1.5069130152532972,0.5194535113972387
2011-01-01,221.187,0.0032430422003701,222.803,0.0020688755661297,1.6461018818501483,0.6505152170868556
2011-02-01,221.898,0.0032144746300641,223.213,0.0018401906617055,1.8240387659861579,0.7692689687552212
2011-03-01,223.046,0.0051735482068338,223.454,0.0010796862189927,2.1857748253349962,0.7861585577621399
2011-04-01,224.093,0.0046940989750992,223.727,0.0012217279619071,2.3092199876731945,0.8551593562638127
2011-05-01,224.806,0.0031817147345076,224.175,0.0020024404743281,2.3753358531809265,0.9120005041661328
2011-06-01,224.806,0.0,224.697,0.0023285379725659,1.9657825029935738,1.0587245831890524
2011-07-01,225.395,0.002620036831757,225.218,0.0023186780419852,1.9024626221251673,1.0839171824436722
2011-08-01,226.106,0.0031544621664187,225.862,0.0028594517312114,1.8963667991599653,1.1867588357308945
2011-09-01,226.597,0.0021715478580843,226.118,0.0011334354605909,1.5920482770370281,1.1921916815093914
2011-10-01,226.75,0.0006752075270193,226.506,0.0017159182373804,1.1856684501523995,1.2421388567316338
2011-11-01,227.169,0.0018478500551268,226.899,0.0017350533760696,1.0511285285979888,1.2151221144195423
2011-12-01,227.223,0.0002377084901548,227.405,0.002230067122376,1.075149239788975,1.2051785293083483
2012-01-01,227.842,0.0027241960540966,227.877,0.0020755920054529,1.0856496373033986,1.1806338747347045
2012-03-01,228.807,0.0020934703870292,228.478,0.0019470780673058,0.975299761250148,1.0437028454169939
2012-04-01,229.187,0.0016607883500068,228.905,0.0018688889083413,1.0747519294377117,1.0591330913971353
2012-05-01,228.713,-0.002068180132381,229.224,0.0013935912278018,0.6796702014799427,1.024684992000835
2012-10-01,231.638,0.0026967945804385,231.024,0.0015824225371652,1.0694323849083975,0.9257115397217186
2012-11-01,231.249,-0.0016793444944266,231.33,0.0013245377103678,1.1088132288064045,0.9187519631452368
2012-12-01,231.221,-0.0001210816046771,231.725,0.0017075173993861,1.1801823878454742,0.9154135256485674
2013-01-01,231.679,0.0019807889421807,232.229,0.0021749919085123,1.3513277046240058,0.9823020393964432
2013-02-01,232.937,0.0054299267521009,232.569,0.0014640721012448,1.3130768360893885,1.0146243153674739
2013-11-01,234.1,0.0018444894273523,235.359,0.0018644565619931,0.951732048832854,1.0141805009528104
2013-12-01,234.719,0.0026441691584793,235.759,0.0016995313542289,0.9782959409752934,1.0323548317977327
2014-01-01,235.288,0.0024241752904536,235.961,0.0008568071632473,1.0253327608415574,0.8897725329228834
2014-03-01,236.028,0.0020420553010651,236.625,0.0018629464191206,1.0636111396567616,0.8201959948870963
2014-04-01,236.468,0.0018641856050976,237.072,0.0018890649762282,1.1978482383200095,0.9156269554446039
2014-05-01,236.918,0.0019030059035471,237.529,0.0019276844165485,1.2037590773174012,0.9219957596692696
2014-06-01,237.231,0.0013211322060797,237.837,0.0012966837733496,1.0702158751528357,0.8814085570434171
2015-06-01,237.657,0.0027679208104607,242.064,0.0015557247360233,0.5947039601781112,1.0351275544276728
2015-07-01,238.034,0.0015863197801873,242.565,0.0020697005750545,1.400230886869691,1.148404368440148
2015-08-01,238.033,-4.20108051790713e-06,242.817,0.001038896790551,1.143442309490017,1.101294072581327
2015-09-01,237.498,-0.0022475875193775,243.316,0.0020550455692969,0.6449808455097017,1.063736994039588
2015-10-01,237.733,0.0009894820166906,243.768,0.0018576665735092,0.6396525302469591,1.003538488311384
2015-11-01,238.017,0.0011946174910508,244.241,0.0019403695316859,0.428690174303048,1.0563205454966917
2015-12-01,237.761,-0.001075553426856,244.547,0.0012528609037794,0.04376054566033183,1.0257617820080611
2016-02-01,237.336,-0.0013296753235823,245.51,0.0022657222755197,-0.2928165422441342,1.1090656749733308
2016-03-01,238.08,0.0031347962382444,245.913,0.0016414809987375,0.24505469519744416,1.0673363034079175
2016-04-01,238.992,0.0038306451612901,246.551,0.0025944134714308,0.5295857117017855,1.1416592825965521
2016-05-01,239.557,0.0023640958693178,247.137,0.0023767901975657,0.6470126083431005,1.1857141102435742
2016-06-01,240.222,0.0027759572878272,247.54,0.0016306744841929,1.0350730355272786,1.2238956110686372
2016-07-01,240.101,-0.0005037007434789,247.829,0.0011674880827341,1.0304983757763564,1.1732767242963016
2016-08-01,240.545,0.0018492217858316,248.423,0.002396813932187,1.3520915495331298,1.1865097144719172
2016-09-01,241.176,0.0026232097944252,248.842,0.0016866393208359,1.3004032258064457,1.1910716391569487
2016-10-01,241.741,0.0023426874979268,249.142,0.0012055842663214,1.1502477070362227,1.0508981914492344
2016-11-01,242.026,0.0011789477167711,249.481,0.0013606698188182,1.0306524125782257,0.9484617843544152
2016-12-01,242.637,0.0025245221587761,249.92,0.0017596530397103,1.0053200789269967,0.9614607740163095
2017-01-01,243.618,0.0040430766948156,250.467,0.0021887003841229,1.4648002299032514,1.0644436284696246
2017-02-01,244.006,0.0015926573570097,250.998,0.0021200397657175,1.4388160219501511,1.0365384847618841
2017-03-01,243.892,-0.0004672016261895,250.944,-0.0002151411565032,1.1261485388264214,0.8447127092693352
2017-04-01,244.193,0.0012341528217407,251.227,0.001127741647539,1.014308702288802,0.8368721452023387
2017-09-01,246.435,0.0051063899209977,252.812,0.0010968776605224,1.042674626474005,0.7443891864320484
2017-11-01,247.284,0.0026680074282516,253.816,0.0011438669012251,1.3442402583564217,0.9489718808415759
2017-12-01,247.805,0.0021068892447551,254.344,0.0020802471081413,1.4916264954149439,1.0319925639334926
2018-01-01,248.859,0.0042533443635115,255.204,0.0033812474444061,1.889921103163661,1.27745699148758
2018-02-01,249.529,0.002692287600609,255.711,0.0019866459773358,1.7725535620332522,1.2576474548082528
2018-03-01,249.577,0.000192362410782,256.271,0.0021899722733866,1.2749812323736398,1.368210369760936
2018-04-01,250.227,0.0026044066560619,256.63,0.0014008608075044,1.4601055849748246,1.2243320211733577
2018-05-01,250.792,0.0022579497815982,257.145,0.0020067801893777,1.418611798579783,1.3115800422353052
2018-06-01,251.018,0.0009011451720948,257.399,0.0009877695463649,1.2965840075866097,1.2011291793791123
2018-09-01,252.182,0.0020622817021174,258.368,0.0018496186373311,1.0437660521602554,0.8182744048292445
2018-10-01,252.772,0.0023395801444987,258.917,0.0021248761456527,1.0170764945429456,0.8911662705061607
2018-12-01,252.767,0.0006848935445813,260.063,0.002405189659226,0.6967627819518984,1.0349690558238311
2019-01-01,252.718,-0.0001938544192873,260.686,0.0023955733802962,0.5986927480156279,1.1591042262484308
2019-02-01,253.322,0.0023900157487792,261.067,0.0014615284288379,0.6592149024687854,1.2315280486717262
2019-03-01,254.202,0.0034738396191409,261.537,0.001800304136486,0.8010087952351919,1.226545082982411
2019-04-01,255.211,0.0039692842699901,261.976,0.0016785387918345,0.9649011757631554,1.1814596955781242
2019-05-01,255.29,0.0003095477859496,262.304,0.0012520230860841,1.0673254313245728,1.1043058291158925
2019-06-01,255.159,-0.0005131419170355,262.859,0.0021158655605708,0.9463260631332293,1.0751241045438897
2019-07-01,255.685,0.0020614597172743,263.313,0.0017271617102705,1.174035881892066,1.0077257696999409
2019-08-01,256.059,0.0014627373526019,263.975,0.0025141181787455,1.080443072453252,1.1138903040215808
2019-09-01,256.511,0.0017652181723744,264.425,0.0017047068851216,0.9083327432514388,1.1042414648787968
2019-10-01,257.244,0.0028575772578953,264.94,0.0019476221991112,0.7965957580198468,1.1314013497419673
2019-11-01,257.803,0.0021730341621182,265.484,0.0020532950856797,0.9843707156567127,1.2123337806514645
2019-12-01,258.616,0.0031535707497585,265.924,0.0016573503487968,1.3548414909918982,1.16602437047999
2020-01-01,259.037,0.0016278961858509,266.626,0.0026398519877859,1.3109881299254944,1.2581984178525074
2020-02-01,259.248,0.0008145554496077,267.283,0.0024641257791815,1.245416095509233,1.2531489724405764
2020-03-01,258.124,-0.0043356168610749,267.09,-0.0007220810900806,0.6288229354686647,1.0078472156566098
2020-10-01,260.286,0.0009883512992781,269.236,0.0011080620812231,1.6376927041844347,1.3037539836927126
2020-11-01,260.813,0.0020246959114205,269.901,0.0024699520123609,1.932637141025828,1.6293010610978431
2020-12-01,262.035,0.0046853492732341,270.267,0.0013560527749063,1.9646984660643074,1.6224732282517085
2021-01-01,262.65,0.002347014711775,270.383,0.0004292051933827,1.692749672833127,1.1337113618001826
2021-02-01,263.638,0.0037616600038072,270.727,0.0012722693364597,1.629460585711473,0.8410654488972602
2021-03-01,264.914,0.004839969958807,271.526,0.0029513125768765,1.8786366136084753,0.9623035792636347
2021-04-01,266.67,0.0066285662516893,273.615,0.0076935542084366,2.452686660058556,1.6264541146057798
2021-05-01,268.444,0.0066524168447894,275.654,0.0074520768232735,2.9258510887110845,2.131522298916999
2021-06-01,270.559,0.0078787382098315,277.676,0.0073352826369288,3.253000553361196,2.7413631704943597
2021-07-01,271.764,0.0044537420673493,278.522,0.0030467163168585,3.4700171330668272,3.0101744562343047
2021-08-01,272.87,0.0040697075403659,279.057,0.0019208536489039,3.501771368315665,3.076900346105127
2021-09-01,274.028,0.0042437790889435,279.755,0.0025012811002769,3.4403617777845064,3.030648998622598
2021-10-01,276.522,0.0091012597252835,281.588,0.0065521617129273,3.694453819327248,2.9139484311898167
2021-11-01,278.711,0.007916187500452,283.34,0.0062218560450018,3.8246338156189053,2.7882780587257905
2021-12-01,280.887,0.0078073703585432,285.193,0.0065398461212677,3.817281997641908,2.707111885794955
2022-01-01,282.599,0.0060949776956569,286.792,0.0056067294779325,3.9869151175284445,2.9692447993336257
2022-02-01,284.61,0.0071160902904823,288.147,0.0047246785126502,4.3024150694469965,3.2573990260054364
2022-03-01,287.472,0.0100558659217875,289.046,0.0031199353107962,4.906067993051799,3.3211202659469974
2022-04-01,288.611,0.0039621250069572,290.41,0.0047189720667299,4.371804051757189,3.1329460062218484
2022-05-01,291.268,0.0092061633132485,292.251,0.006339313384525,4.505383712878208,3.1449848238864986
2022-06-01,294.728,0.0118790941675708,294.017,0.0060427509230081,4.927604339111458,3.094045085258057
2022-07-01,294.628,-0.0003392958931626,294.925,0.0030882568014776,4.256561417414773,2.835853161873425
2022-08-01,295.32,0.0023487244932594,296.639,0.0058116470289055,3.7630441657004354,2.9471068586520044
2022-09-01,296.539,0.0041277258566978,298.339,0.0057308715307158,3.1540463071186187,3.215059194730263
2022-10-01,297.987,0.0048830002124511,299.333,0.0033317802902068,3.248663425856968,3.072552598051037
2022-11-01,298.598,0.0020504250185411,300.261,0.0031002261695167,2.5165826661356805,2.7407947278196065
2022-12-01,298.99,0.0013128018272057,301.46,0.0039931925891139,1.4460790966586146,2.5314862746031563
2023-01-01,300.536,0.005170741496371,302.702,0.0041199495787169,2.005240506672834,2.636941595320841
2023-02-01,301.648,0.0037000559001252,304.07,0.0045192962055089,2.142760395503185,2.505065079102886
2023-03-01,301.808,0.0005304195618733,305.24,0.0038477982043609,1.776832052445032,2.313140420796489
2023-04-01,302.918,0.0036778349149129,306.489,0.0040918621412657,1.6547701745378118,2.3906485419248558
2023-05-01,303.294,0.0012412600109599,307.824,0.0043557843837789,1.5726830052444907,2.5188086364862583
2023-06-01,303.841,0.0018035305676999,308.309,0.0015755756536202,1.6224622897086816,2.2719432097127568
2023-07-01,304.348,0.001668635898381,308.801,0.0015958016146138,1.2684004578486396,2.014852891622776
2023-08-01,306.269,0.0063118535360837,309.661,0.002784965074595,1.5319179971357233,1.8387213470582475
2023-09-01,307.481,0.003957305505944,310.661,0.0032293378888526,1.8796718443513827,1.7759795570698511
2023-10-01,307.619,0.0004488082190445,311.365,0.0022661357556952,1.5519051360434188,1.5909216970266593
2023-11-01,307.917,0.0009687308001129,312.251,0.0028455349830582,1.524263585827601,1.4381594677477905
2023-12-01,308.85,0.0030300373152507,313.216,0.0030904624805045,1.6485596084794496,1.591585065632195
