Date,CPI Raw,CPI MoM%,CPI 6M % Change,CPI Annualized % Change,Core Raw,Core MoM%,Core 6M % Change,Core Annualized % Change,GDP,Unemployment Rate, SPX , DJI , NDX ,Fed Funds Rate
7/1/1957,28.19,0.3%,1.9%,3.8%,29,0.3%,1.8%,3.5%,,4.2, 47.91 , 508.52 ,,2.99
8/1/1957,28.28,0.3%,1.7%,3.5%,29,0.0%,1.4%,2.8%,,4.1, 45.22 , 484.35 ,,3.24
9/1/1957,28.32,0.1%,1.7%,3.3%,29.1,0.3%,1.4%,2.8%,,4.4, 42.42 , 456.30 ,,3.47
10/1/1957,28.32,0.0%,1.4%,2.8%,29.2,0.3%,1.4%,2.8%,,4.5, 41.06 , 441.04 ,,3.5
11/1/1957,28.41,0.3%,1.5%,2.9%,29.3,0.3%,1.7%,3.5%,,5.1, 41.72 , 449.87 ,,3.28
12/1/1957,28.47,0.2%,1.3%,2.6%,29.3,0.0%,1.4%,2.8%,,5.2, 39.99 , 435.69 ,,2.98
1/1/1958,28.64,0.6%,1.6%,3.2%,29.3,0.0%,1.0%,2.1%,,5.8, 41.70 , 450.02 ,,2.72
2/1/1958,28.7,0.2%,1.5%,3.0%,29.4,0.3%,1.4%,2.8%,,6.4, 40.84 , 439.92 ,,1.67
3/1/1958,28.87,0.6%,1.9%,3.9%,29.5,0.3%,1.4%,2.7%,,6.7, 42.10 , 446.76 ,,1.2
4/1/1958,28.94,0.2%,2.2%,4.4%,29.5,0.0%,1.0%,2.1%,,7.4, 43.44 , 455.86 ,,1.26
5/1/1958,28.94,0.0%,1.9%,3.7%,29.5,0.0%,0.7%,1.4%,,7.4, 44.09 , 462.70 ,,0.63
6/1/1958,28.91,-0.1%,1.5%,3.1%,29.6,0.3%,1.0%,2.0%,,7.3, 45.24 , 478.18 ,,0.93
7/1/1958,28.89,-0.1%,0.9%,1.7%,29.6,0.0%,1.0%,2.0%,,7.5, 47.19 , 502.99 ,,0.68
8/1/1958,28.94,0.2%,0.8%,1.7%,29.6,0.0%,0.7%,1.4%,,7.4, 47.75 , 508.63 ,,1.53
9/1/1958,28.91,-0.1%,0.1%,0.3%,29.7,0.3%,0.7%,1.4%,,7.1, 50.06 , 532.09 ,,1.76
10/1/1958,28.91,0.0%,-0.1%,-0.2%,29.7,0.0%,0.7%,1.4%,,6.7, 51.33 , 543.22 ,,1.8
11/1/1958,28.95,0.1%,0.0%,0.1%,29.8,0.3%,1.0%,2.0%,,6.2, 52.48 , 557.46 ,,2.27
12/1/1958,28.97,0.1%,0.2%,0.4%,29.9,0.3%,1.0%,2.0%,,6.2, 55.21 , 583.65 ,,2.42
1/1/1959,29.01,0.1%,0.4%,0.8%,29.9,0.0%,1.0%,2.0%,,6, 55.45 , 593.96 ,,2.48
2/1/1959,29,0.0%,0.2%,0.4%,29.9,0.0%,1.0%,2.0%,,5.9, 55.41 , 603.50 ,,2.43
3/1/1959,28.97,-0.1%,0.2%,0.4%,30,0.3%,1.0%,2.0%,,5.6, 55.44 , 601.71 ,,2.8
4/1/1959,28.98,0.0%,0.2%,0.5%,30,0.0%,1.0%,2.0%,,5.2, 57.59 , 623.75 ,,2.96
5/1/1959,29.04,0.2%,0.3%,0.6%,30.1,0.3%,1.0%,2.0%,,5.1, 58.68 , 643.79 ,,2.9
6/1/1959,29.11,0.2%,0.5%,1.0%,30.2,0.3%,1.0%,2.0%,,5, 58.47 , 643.60 ,,3.39
7/1/1959,29.15,0.1%,0.5%,1.0%,30.2,0.0%,1.0%,2.0%,,5.1, 60.51 , 674.88 ,,3.47
8/1/1959,29.18,0.1%,0.6%,1.2%,30.2,0.0%,1.0%,2.0%,,5.2, 59.60 , 664.41 ,,3.5
9/1/1959,29.25,0.2%,1.0%,1.9%,30.3,0.3%,1.0%,2.0%,,5.5, 56.88 , 631.68 ,,3.76
10/1/1959,29.35,0.3%,1.3%,2.6%,30.4,0.3%,1.3%,2.7%,,5.7, 57.52 , 646.60 ,,3.98
11/1/1959,29.35,0.0%,1.1%,2.1%,30.4,0.0%,1.0%,2.0%,,5.8, 58.28 , 659.18 ,,4
12/1/1959,29.41,0.2%,1.0%,2.1%,30.5,0.3%,1.0%,2.0%,,5.3, 59.89 , 679.36 ,,3.99
1/1/1960,29.37,-0.1%,0.8%,1.5%,30.5,0.0%,1.0%,2.0%,,5.2, 55.61 , 622.62 ,,3.99
2/1/1960,29.41,0.1%,0.8%,1.6%,30.6,0.3%,1.3%,2.6%,,4.8, 56.12 , 630.12 ,,3.97
3/1/1960,29.41,0.0%,0.5%,1.1%,30.6,0.0%,1.0%,2.0%,,5.4, 55.34 , 616.59 ,,3.84
4/1/1960,29.54,0.4%,0.6%,1.3%,30.6,0.0%,0.7%,1.3%,,5.2, 54.37 , 601.70 ,,3.92
5/1/1960,29.57,0.1%,0.7%,1.5%,30.6,0.0%,0.7%,1.3%,,5.1, 55.83 , 625.50 ,,3.85
6/1/1960,29.61,0.1%,0.7%,1.4%,30.7,0.3%,0.7%,1.3%,,5.4, 56.92 , 640.62 ,,3.32
7/1/1960,29.55,-0.2%,0.6%,1.2%,30.6,-0.3%,0.3%,0.7%,,5.5, 55.51 , 616.73 ,,3.23
8/1/1960,29.61,0.2%,0.7%,1.4%,30.6,0.0%,0.0%,0.0%,,5.6, 56.96 , 625.99 ,,2.98
9/1/1960,29.61,0.0%,0.7%,1.4%,30.6,0.0%,0.0%,0.0%,,5.5, 53.52 , 580.14 ,,2.6
10/1/1960,29.75,0.5%,0.7%,1.4%,30.8,0.7%,0.7%,1.3%,,6.1, 53.39 , 580.36 ,,2.47
11/1/1960,29.78,0.1%,0.7%,1.4%,30.8,0.0%,0.7%,1.3%,,6.1, 55.54 , 597.22 ,,2.44
12/1/1960,29.81,0.1%,0.7%,1.4%,30.7,-0.3%,0.0%,0.0%,,6.6, 58.11 , 615.89 ,,1.98
1/1/1961,29.84,0.1%,1.0%,2.0%,30.8,0.3%,0.7%,1.3%,,6.6, 61.78 , 648.20 ,,1.45
2/1/1961,29.84,0.0%,0.8%,1.6%,30.8,0.0%,0.7%,1.3%,,6.9, 63.44 , 662.08 ,,2.54
3/1/1961,29.84,0.0%,0.8%,1.6%,30.9,0.3%,1.0%,2.0%,,6.9, 65.06 , 676.63 ,,2.02
4/1/1961,29.81,-0.1%,0.2%,0.4%,30.9,0.0%,0.3%,0.6%,,7, 65.31 , 678.71 ,,1.49
5/1/1961,29.84,0.1%,0.2%,0.4%,30.9,0.0%,0.3%,0.6%,,7.1, 66.56 , 696.72 ,,1.98
6/1/1961,29.84,0.0%,0.1%,0.2%,31,0.3%,1.0%,2.0%,,6.9, 64.64 , 683.96 ,,1.73
7/1/1961,29.92,0.3%,0.3%,0.5%,31,0.0%,0.6%,1.3%,,7, 66.76 , 705.37 ,,1.17
8/1/1961,29.94,0.1%,0.3%,0.7%,31.1,0.3%,1.0%,1.9%,,6.6, 68.07 , 719.94 ,,2
9/1/1961,29.98,0.1%,0.5%,0.9%,31.1,0.0%,0.6%,1.3%,,6.7, 66.73 , 701.21 ,,1.88
10/1/1961,29.98,0.0%,0.6%,1.1%,31.1,0.0%,0.6%,1.3%,,6.5, 68.62 , 703.92 ,,2.26
11/1/1961,29.98,0.0%,0.5%,0.9%,31.2,0.3%,1.0%,1.9%,,6.1, 71.32 , 721.60 ,,2.61
12/1/1961,30.01,0.1%,0.6%,1.1%,31.2,0.0%,0.6%,1.3%,,6, 71.55 , 731.14 ,,2.33
1/1/1962,30.04,0.1%,0.4%,0.8%,31.2,0.0%,0.6%,1.3%,,5.8, 68.84 , 700.00 ,,2.15
2/1/1962,30.11,0.2%,0.6%,1.1%,31.2,0.0%,0.3%,0.6%,,5.5, 69.96 , 708.05 ,,2.37
3/1/1962,30.17,0.2%,0.6%,1.3%,31.3,0.3%,0.6%,1.3%,,5.6, 69.55 , 706.95 ,,2.85
4/1/1962,30.21,0.1%,0.8%,1.5%,31.3,0.0%,0.6%,1.3%,,5.6, 65.24 , 665.33 ,,2.78
5/1/1962,30.24,0.1%,0.9%,1.7%,31.4,0.3%,0.6%,1.3%,,5.5, 59.63 , 613.36 ,,2.36
6/1/1962,30.21,-0.1%,0.7%,1.3%,31.4,0.0%,0.6%,1.3%,,5.5, 54.75 , 561.28 ,,2.68
7/1/1962,30.22,0.0%,0.6%,1.2%,31.4,0.0%,0.6%,1.3%,,5.4, 58.23 , 597.93 ,,2.71
8/1/1962,30.28,0.2%,0.6%,1.1%,31.5,0.3%,1.0%,1.9%,,5.7, 59.12 , 609.18 ,,2.93
9/1/1962,30.42,0.5%,0.8%,1.7%,31.5,0.0%,0.6%,1.3%,,5.6, 56.27 , 578.98 ,,2.9
10/1/1962,30.38,-0.1%,0.6%,1.1%,31.5,0.0%,0.6%,1.3%,,5.4, 56.52 , 589.77 ,,2.9
11/1/1962,30.38,0.0%,0.5%,0.9%,31.5,0.0%,0.3%,0.6%,,5.7, 62.26 , 649.30 ,,2.94
12/1/1962,30.38,0.0%,0.6%,1.1%,31.6,0.3%,0.6%,1.3%,,5.5, 63.10 , 652.10 ,,2.93
1/1/1963,30.44,0.2%,0.7%,1.5%,31.5,-0.3%,0.3%,0.6%,,5.7, 66.20 , 682.85 ,,2.92
2/1/1963,30.48,0.1%,0.7%,1.3%,31.6,0.3%,0.3%,0.6%,,5.9, 64.29 , 662.94 ,,3
3/1/1963,30.51,0.1%,0.3%,0.6%,31.7,0.3%,0.6%,1.3%,,5.7, 66.57 , 682.52 ,,2.98
4/1/1963,30.48,-0.1%,0.3%,0.7%,31.7,0.0%,0.6%,1.3%,,5.7, 69.80 , 717.70 ,,2.9
5/1/1963,30.51,0.1%,0.4%,0.9%,31.7,0.0%,0.6%,1.3%,,5.9, 70.80 , 726.96 ,,3
6/1/1963,30.61,0.3%,0.8%,1.5%,31.8,0.3%,0.6%,1.3%,,5.6, 69.37 , 706.88 ,,2.99
7/1/1963,30.69,0.3%,0.8%,1.6%,31.8,0.0%,1.0%,1.9%,,5.6, 69.13 , 695.43 ,,3.02
8/1/1963,30.75,0.2%,0.9%,1.8%,31.9,0.3%,0.9%,1.9%,,5.4, 72.50 , 729.32 ,,3.49
9/1/1963,30.72,-0.1%,0.7%,1.4%,31.9,0.0%,0.6%,1.3%,,5.5, 71.70 , 732.79 ,,3.48
10/1/1963,30.75,0.1%,0.9%,1.8%,32,0.3%,0.9%,1.9%,,5.5, 74.01 , 755.23 ,,3.5
11/1/1963,30.78,0.1%,0.9%,1.8%,32,0.0%,0.9%,1.9%,,5.7, 73.23 , 750.52 ,,3.48
12/1/1963,30.88,0.3%,0.9%,1.8%,32.1,0.3%,0.9%,1.9%,,5.5, 75.02 , 762.95 ,,3.38
1/1/1964,30.94,0.2%,0.8%,1.6%,32.2,0.3%,1.3%,2.5%,,5.6, 77.04 , 785.34 ,,3.48
2/1/1964,30.91,-0.1%,0.5%,1.0%,32.2,0.0%,0.9%,1.9%,,5.4, 77.80 , 800.14 ,,3.48
3/1/1964,30.94,0.1%,0.7%,1.4%,32.2,0.0%,0.9%,1.9%,,5.4, 78.98 , 813.29 ,,3.43
4/1/1964,30.95,0.0%,0.7%,1.3%,32.2,0.0%,0.6%,1.3%,,5.3, 79.46 , 810.77 ,,3.47
5/1/1964,30.98,0.1%,0.6%,1.3%,32.2,0.0%,0.6%,1.3%,,5.1, 80.37 , 820.56 ,,3.5
6/1/1964,31.01,0.1%,0.4%,0.8%,32.3,0.3%,0.6%,1.2%,,5.2, 81.69 , 831.50 ,,3.5
7/1/1964,31.02,0.0%,0.3%,0.5%,32.3,0.0%,0.3%,0.6%,,4.9, 83.18 , 841.10 ,,3.42
8/1/1964,31.05,0.1%,0.5%,0.9%,32.3,0.0%,0.3%,0.6%,,5, 81.83 , 838.48 ,,3.5
9/1/1964,31.08,0.1%,0.5%,0.9%,32.3,0.0%,0.3%,0.6%,,5.1, 84.18 , 875.37 ,,3.45
10/1/1964,31.12,0.1%,0.5%,1.1%,32.4,0.3%,0.6%,1.2%,,5.1, 84.86 , 873.08 ,,3.36
11/1/1964,31.21,0.3%,0.7%,1.5%,32.5,0.3%,0.9%,1.9%,,4.8, 84.42 , 875.43 ,,3.52
12/1/1964,31.25,0.1%,0.8%,1.5%,32.5,0.0%,0.6%,1.2%,,5, 84.75 , 874.13 ,,3.85
1/1/1965,31.28,0.1%,0.8%,1.7%,32.6,0.3%,0.9%,1.9%,,4.9, 87.56 , 902.86 ,,3.9
2/1/1965,31.28,0.0%,0.7%,1.5%,32.6,0.0%,0.9%,1.9%,,5.1, 87.43 , 903.48 ,,3.98
3/1/1965,31.31,0.1%,0.7%,1.5%,32.6,0.0%,0.9%,1.9%,,4.7, 86.16 , 889.05 ,,4.05
4/1/1965,31.38,0.2%,0.8%,1.7%,32.7,0.3%,0.9%,1.9%,,4.8, 89.11 , 922.31 ,,4.09
5/1/1965,31.48,0.3%,0.9%,1.7%,32.7,0.0%,0.6%,1.2%,,4.6, 88.42 , 918.04 ,,4.1
6/1/1965,31.61,0.4%,1.2%,2.3%,32.7,0.0%,0.6%,1.2%,,4.6, 84.12 , 868.03 ,,4.05
7/1/1965,31.58,-0.1%,1.0%,1.9%,32.7,0.0%,0.3%,0.6%,5.2206,4.4, 85.25 , 881.74 ,,4.09
8/1/1965,31.55,-0.1%,0.9%,1.7%,32.7,0.0%,0.3%,0.6%,5.4134,4.4, 87.17 , 893.10 ,,4.12
9/1/1965,31.62,0.2%,1.0%,2.0%,32.8,0.3%,0.6%,1.2%,5.6062,4.3, 89.96 , 930.58 ,,4.02
10/1/1965,31.65,0.1%,0.9%,1.7%,32.8,0.0%,0.3%,0.6%,5.799,4.2, 92.42 , 960.82 ,,4.08
11/1/1965,31.75,0.3%,0.9%,1.7%,32.9,0.3%,0.6%,1.2%,5.919033333,4.1, 91.61 , 946.71 ,,4.1
12/1/1965,31.85,0.3%,0.8%,1.5%,33,0.3%,0.9%,1.8%,6.039066667,4, 92.43 , 969.26 ,,4.32
1/1/1966,31.88,0.1%,0.9%,1.9%,33,0.0%,0.9%,1.8%,6.1591,4, 92.88 , 983.51 ,,4.42
2/1/1966,32.08,0.6%,1.7%,3.4%,33.1,0.3%,1.2%,2.4%,4.883,3.8, 91.22 , 951.89 ,,4.6
3/1/1966,32.18,0.3%,1.8%,3.5%,33.1,0.0%,0.9%,1.8%,3.6069,3.8, 89.23 , 924.77 ,,4.66
4/1/1966,32.28,0.3%,2.0%,4.0%,33.3,0.6%,1.5%,3.0%,2.3308,3.8, 91.06 , 933.68 ,,4.67
5/1/1966,32.35,0.2%,1.9%,3.8%,33.4,0.3%,1.5%,3.0%,3.070933333,3.9, 86.13 , 884.07 ,,4.9
6/1/1966,32.38,0.1%,1.7%,3.3%,33.5,0.3%,1.5%,3.0%,3.811066667,3.8, 84.74 , 870.10 ,,5.17
7/1/1966,32.45,0.2%,1.8%,3.6%,33.6,0.3%,1.8%,3.6%,4.5512,3.8, 83.60 , 847.38 ,,5.3
8/1/1966,32.65,0.6%,1.8%,3.6%,33.7,0.3%,1.8%,3.6%,4.5148,3.8, 77.10 , 788.41 ,,5.53
9/1/1966,32.75,0.3%,1.8%,3.5%,33.8,0.3%,2.1%,4.2%,4.4784,3.7, 76.56 , 774.22 ,,5.4
10/1/1966,32.85,0.3%,1.8%,3.5%,34,0.6%,2.1%,4.2%,4.442,3.7, 80.20 , 807.07 ,,5.53
11/1/1966,32.88,0.1%,1.6%,3.3%,34,0.0%,1.8%,3.6%,2.961333333,3.6, 80.45 , 791.59 ,,5.76
12/1/1966,32.92,0.1%,1.7%,3.3%,34.1,0.3%,1.8%,3.6%,1.480666667,3.8, 80.33 , 785.69 ,,5.4
1/1/1967,32.9,-0.1%,1.4%,2.8%,34.2,0.3%,1.8%,3.6%,0,3.9, 86.61 , 849.89 ,,4.94
2/1/1967,33,0.3%,1.1%,2.1%,34.2,0.0%,1.5%,3.0%,0.794033333,3.8, 86.78 , 839.37 ,,5
3/1/1967,33,0.0%,0.8%,1.5%,34.3,0.3%,1.5%,3.0%,1.588066667,3.8, 90.20 , 865.98 ,,4.53
4/1/1967,33.1,0.3%,0.8%,1.5%,34.4,0.3%,1.2%,2.4%,2.3821,3.8, 94.01 , 897.05 ,,4.05
5/1/1967,33.1,0.0%,0.7%,1.3%,34.5,0.3%,1.5%,2.9%,2.993866667,3.8, 89.08 , 852.56 ,,3.94
6/1/1967,33.3,0.6%,1.2%,2.3%,34.6,0.3%,1.5%,2.9%,3.605633333,3.9, 90.64 , 860.26 ,,3.98
7/1/1967,33.4,0.3%,1.5%,3.0%,34.7,0.3%,1.5%,2.9%,4.2174,3.8, 94.75 , 904.24 ,,3.79
8/1/1967,33.5,0.3%,1.5%,3.0%,34.9,0.6%,2.0%,4.1%,4.3043,3.8, 93.64 , 901.29 ,,3.9
9/1/1967,33.6,0.3%,1.8%,3.6%,35,0.3%,2.0%,4.1%,4.3912,3.8, 96.71 , 926.66 ,,3.99
10/1/1967,33.7,0.3%,1.8%,3.6%,35.1,0.3%,2.0%,4.1%,4.4781,4, 93.30 , 879.74 ,,3.88
11/1/1967,33.9,0.6%,2.4%,4.8%,35.2,0.3%,2.0%,4.1%,5.011566667,3.9, 94.00 , 875.81 ,,4.13
12/1/1967,34,0.3%,2.1%,4.2%,35.4,0.6%,2.3%,4.6%,5.545033333,3.8, 96.47 , 905.11 ,,4.51
1/1/1968,34.1,0.3%,2.1%,4.2%,35.5,0.3%,2.3%,4.6%,6.0785,3.7, 92.24 , 855.47 ,,4.61
2/1/1968,34.2,0.3%,2.1%,4.2%,35.7,0.6%,2.3%,4.6%,5.818733333,3.8, 89.36 , 840.50 ,,4.71
3/1/1968,34.3,0.3%,2.1%,4.2%,35.8,0.3%,2.3%,4.6%,5.558966667,3.7, 90.20 , 840.67 ,,5.05
4/1/1968,34.4,0.3%,2.1%,4.2%,35.9,0.3%,2.3%,4.6%,5.2992,3.5, 97.46 , 912.22 ,,5.76
5/1/1968,34.5,0.3%,1.8%,3.5%,36,0.3%,2.3%,4.5%,5.193133333,3.5, 98.68 , 899.00 ,,6.12
6/1/1968,34.7,0.6%,2.1%,4.1%,36.2,0.6%,2.3%,4.5%,5.087066667,3.7, 99.58 , 897.80 ,,6.07
7/1/1968,34.9,0.6%,2.3%,4.7%,36.4,0.6%,2.5%,5.1%,4.981,3.7, 97.74 , 883.00 ,,6.03
8/1/1968,35,0.3%,2.3%,4.7%,36.5,0.3%,2.2%,4.5%,4.611866667,3.5, 98.86 , 896.01 ,,6.03
9/1/1968,35.1,0.3%,2.3%,4.7%,36.7,0.5%,2.5%,5.0%,4.242733333,3.4, 102.67 , 935.79 ,,5.78
10/1/1968,35.3,0.6%,2.6%,5.2%,36.9,0.5%,2.8%,5.6%,3.8736,3.4, 103.41 , 952.39 ,,5.91
11/1/1968,35.4,0.3%,2.6%,5.2%,37.1,0.5%,3.1%,6.1%,3.558033333,3.4, 108.37 , 985.08 ,,5.82
12/1/1968,35.6,0.6%,2.6%,5.2%,37.2,0.3%,2.8%,5.5%,3.242466667,3.4, 103.86 , 943.75 ,,6.02
1/1/1969,35.7,0.3%,2.3%,4.6%,37.3,0.3%,2.5%,4.9%,2.9269,3.4, 103.01 , 946.05 ,,6.3
2/1/1969,35.8,0.3%,2.3%,4.6%,37.6,0.8%,3.0%,6.0%,2.7325,3.4, 98.13 , 905.21 ,,6.61
3/1/1969,36.1,0.8%,2.8%,5.7%,37.8,0.5%,3.0%,6.0%,2.5381,3.4, 101.51 , 935.48 ,,6.79
4/1/1969,36.3,0.6%,2.8%,5.7%,38.1,0.8%,3.3%,6.5%,2.3437,3.4, 103.69 , 950.18 ,,7.41
5/1/1969,36.4,0.3%,2.8%,5.6%,38.1,0.0%,2.7%,5.4%,2.246533333,3.4, 103.46 , 937.56 ,,8.67
6/1/1969,36.6,0.5%,2.8%,5.6%,38.3,0.5%,3.0%,5.9%,2.149366667,3.5, 97.71 , 873.19 ,,8.9
7/1/1969,36.8,0.5%,3.1%,6.2%,38.5,0.5%,3.2%,6.4%,2.0522,3.5, 91.83 , 815.47 ,,8.61
8/1/1969,36.9,0.3%,3.1%,6.1%,38.7,0.5%,2.9%,5.9%,1.3499,3.5, 95.51 , 836.72 ,,9.19
9/1/1969,37.1,0.5%,2.8%,5.5%,38.9,0.5%,2.9%,5.8%,0.6476,3.7, 93.12 , 813.09 ,,9.15
10/1/1969,37.3,0.5%,2.8%,5.5%,39.1,0.5%,2.6%,5.2%,-0.0547,3.7, 97.12 , 855.99 ,,9
11/1/1969,37.5,0.5%,3.0%,6.0%,39.2,0.3%,2.9%,5.8%,-0.563133333,3.5, 93.81 , 812.30 ,,8.85
12/1/1969,37.7,0.5%,3.0%,6.0%,39.4,0.5%,2.9%,5.7%,-1.071566667,3.5, 92.06 , 800.36 ,,8.97
1/1/1970,37.9,0.5%,3.0%,6.0%,39.6,0.5%,2.9%,5.7%,-1.58,3.9, 85.02 , 744.06 ,,8.98
2/1/1970,38.1,0.5%,3.3%,6.5%,39.8,0.5%,2.8%,5.7%,-0.961133333,4.2, 89.50 , 777.59 ,,8.98
3/1/1970,38.3,0.5%,3.2%,6.5%,40.1,0.8%,3.1%,6.2%,-0.342266667,4.4, 89.63 , 785.57 ,,7.76
4/1/1970,38.5,0.5%,3.2%,6.4%,40.4,0.7%,3.3%,6.6%,0.2766,4.6, 81.52 , 736.07 ,,8.1
5/1/1970,38.6,0.3%,2.9%,5.9%,40.5,0.2%,3.3%,6.6%,0.6652,4.8, 76.55 , 700.44 ,,7.95
6/1/1970,38.8,0.5%,2.9%,5.8%,40.8,0.7%,3.6%,7.1%,1.0538,4.9, 72.72 , 683.53 ,,7.61
7/1/1970,38.9,0.3%,2.6%,5.3%,40.9,0.2%,3.3%,6.6%,1.4424,5, 78.05 , 734.12 ,,7.21
8/1/1970,39,0.3%,2.4%,4.7%,41.1,0.5%,3.3%,6.5%,-0.142566667,5.1, 81.52 , 764.58 ,,6.62
9/1/1970,39.2,0.5%,2.3%,4.7%,41.3,0.5%,3.0%,6.0%,-1.727533333,5.4, 84.30 , 760.68 ,,6.29
10/1/1970,39.4,0.5%,2.3%,4.7%,41.5,0.5%,2.7%,5.4%,-3.3125,5.5, 83.25 , 755.61 ,,6.2
11/1/1970,39.6,0.5%,2.6%,5.2%,41.8,0.7%,3.2%,6.4%,-0.066866667,5.9, 87.20 , 794.09 ,,5.6
12/1/1970,39.8,0.5%,2.6%,5.2%,42,0.5%,2.9%,5.9%,3.178766667,6.1, 92.15 , 838.92 ,,4.9
1/1/1971,39.9,0.3%,2.6%,5.1%,42.1,0.2%,2.9%,5.9%,6.4244,5.9, 95.88 , 868.50 ,,4.14
2/1/1971,39.9,0.0%,2.3%,4.6%,42.2,0.2%,2.7%,5.4%,5.505366667,5.9, 96.75 , 878.83 ,,3.72
3/1/1971,40,0.3%,2.0%,4.1%,42.2,0.0%,2.2%,4.4%,4.586333333,6, 100.31 , 904.37 ,,3.71
4/1/1971,40.1,0.2%,1.8%,3.6%,42.4,0.5%,2.2%,4.3%,3.6673,5.9, 103.95 , 941.75 ,,4.16
5/1/1971,40.3,0.5%,1.8%,3.5%,42.6,0.5%,1.9%,3.8%,3.3938,5.9, 99.63 , 907.81 ,,4.63
6/1/1971,40.5,0.5%,1.8%,3.5%,42.8,0.5%,1.9%,3.8%,3.1203,5.9, 98.70 , 891.14 ,,4.91
7/1/1971,40.6,0.2%,1.8%,3.5%,42.9,0.2%,1.9%,3.8%,2.8468,6, 95.58 , 858.43 ,,5.31
8/1/1971,40.7,0.2%,2.0%,4.0%,43,0.2%,1.9%,3.8%,3.922533333,6.1, 99.03 , 898.07 ,,5.57
9/1/1971,40.8,0.2%,2.0%,4.0%,43,0.0%,1.9%,3.8%,4.998266667,6, 98.34 , 887.19 ,,5.55
10/1/1971,40.9,0.2%,2.0%,4.0%,43.1,0.2%,1.7%,3.3%,6.074,5.8, 94.23 , 839.00 ,,5.2
11/1/1971,41,0.2%,1.7%,3.5%,43.2,0.2%,1.4%,2.8%,5.804433333,6, 93.99 , 831.34 ,,4.91
12/1/1971,41.1,0.2%,1.5%,3.0%,43.3,0.2%,1.2%,2.3%,5.534866667,6, 102.09 , 890.20 ,,4.14
1/1/1972,41.2,0.2%,1.5%,3.0%,43.5,0.5%,1.4%,2.8%,5.2653,5.8, 103.94 , 902.17 ,,3.51
2/1/1972,41.4,0.5%,1.7%,3.4%,43.6,0.2%,1.4%,2.8%,6.492966667,5.7, 106.57 , 928.13 ,,3.3
3/1/1972,41.4,0.0%,1.5%,2.9%,43.6,0.0%,1.4%,2.8%,7.720633333,5.8, 107.20 , 940.70 ,,3.83
4/1/1972,41.5,0.2%,1.5%,2.9%,43.8,0.5%,1.6%,3.2%,8.9483,5.7, 107.67 , 954.17 ,,4.17
5/1/1972,41.6,0.2%,1.5%,2.9%,43.9,0.2%,1.6%,3.2%,7.947266667,5.7, 109.53 , 960.72 ,,4.27
6/1/1972,41.7,0.2%,1.5%,2.9%,44,0.2%,1.6%,3.2%,6.946233333,5.7, 107.14 , 929.03 ,,4.46
7/1/1972,41.8,0.2%,1.5%,2.9%,44.1,0.2%,1.4%,2.8%,5.9452,5.6, 107.39 , 924.74 ,,4.55
8/1/1972,41.9,0.2%,1.2%,2.4%,44.3,0.5%,1.6%,3.2%,6.778433333,5.6, 111.09 , 963.73 ,,4.81
9/1/1972,42.1,0.5%,1.7%,3.4%,44.3,0.0%,1.6%,3.2%,7.611666667,5.5, 110.55 , 953.27 ,,4.87
10/1/1972,42.2,0.2%,1.7%,3.4%,44.4,0.2%,1.4%,2.7%,8.4449,5.6, 111.58 , 955.52 ,,5.05
11/1/1972,42.4,0.5%,1.9%,3.8%,44.4,0.0%,1.1%,2.3%,8.250233333,5.3, 116.67 ," 1,018.21 ",,5.06
12/1/1972,42.5,0.2%,1.9%,3.8%,44.6,0.5%,1.4%,2.7%,8.055566667,5.2, 118.05 ," 1,020.02 ",,5.33
1/1/1973,42.7,0.5%,2.2%,4.3%,44.6,0.0%,1.1%,2.3%,7.8609,4.9, 116.03 , 999.02 ,,5.94
2/1/1973,43,0.7%,2.6%,5.3%,44.8,0.4%,1.1%,2.3%,6.100933333,5, 111.68 , 955.07 ,,6.58
3/1/1973,43.4,0.9%,3.1%,6.2%,45,0.4%,1.6%,3.2%,4.340966667,4.9, 111.52 , 951.01 ,,7.09
4/1/1973,43.7,0.7%,3.6%,7.1%,45.1,0.2%,1.6%,3.2%,2.581,5, 106.97 , 921.43 ,,7.12
5/1/1973,43.9,0.5%,3.5%,7.1%,45.3,0.4%,2.0%,4.1%,2.9027,4.9, 104.95 , 901.41 ,,7.84
6/1/1973,44.2,0.7%,4.0%,8.0%,45.4,0.2%,1.8%,3.6%,3.2244,4.9, 104.26 , 891.71 ,,8.49
7/1/1973,44.2,0.0%,3.5%,7.0%,45.5,0.2%,2.0%,4.0%,3.5461,4.8, 108.22 , 926.40 ,,10.4
8/1/1973,45,1.8%,4.7%,9.3%,45.7,0.4%,2.0%,4.0%,2.810033333,4.8, 104.25 , 887.57 ,,10.5
9/1/1973,45.2,0.4%,4.1%,8.3%,46,0.7%,2.2%,4.4%,2.073966667,4.8, 108.43 , 947.10 ,,10.78
10/1/1973,45.6,0.9%,4.3%,8.7%,46.3,0.7%,2.7%,5.3%,1.3379,4.6, 108.29 , 956.58 ,,10.01
11/1/1973,45.9,0.7%,4.6%,9.1%,46.5,0.4%,2.6%,5.3%,-1.0531,4.8, 95.96 , 822.25 ,,10.03
12/1/1973,46.3,0.9%,4.8%,9.5%,46.7,0.4%,2.9%,5.7%,-3.4441,4.9, 97.55 , 850.86 ,,9.95
1/1/1974,46.8,1.1%,5.9%,11.8%,46.9,0.4%,3.1%,6.2%,-5.8351,5.1, 96.57 , 855.55 ,,9.65
2/1/1974,47.3,1.1%,5.1%,10.2%,47.2,0.6%,3.3%,6.6%,-4.289633333,5.2, 96.22 , 860.53 ,,8.97
3/1/1974,47.8,1.1%,5.8%,11.5%,47.6,0.8%,3.5%,7.0%,-2.744166667,5.1, 93.98 , 846.68 ,,9.35
4/1/1974,48.1,0.6%,5.5%,11.0%,47.9,0.6%,3.5%,6.9%,-1.1987,5.1, 90.31 , 836.75 ,,10.51
5/1/1974,48.6,1.0%,5.9%,11.8%,48.5,1.3%,4.3%,8.6%,-1.7559,5.1, 87.28 , 802.17 ,,11.31
6/1/1974,49,0.8%,5.8%,11.7%,49,1.0%,4.9%,9.9%,-2.3131,5.4, 86.00 , 802.41 ,,11.93
7/1/1974,49.3,0.6%,5.3%,10.7%,49.5,1.0%,5.5%,11.1%,-2.8703,5.5, 79.31 , 757.43 ,,12.92
8/1/1974,49.9,1.2%,5.5%,11.0%,50.2,1.4%,6.4%,12.7%,-4.946766667,5.5, 72.15 , 678.58 ,,12.01
9/1/1974,50.6,1.4%,5.9%,11.7%,50.7,1.0%,6.5%,13.0%,-7.023233333,5.9, 63.54 , 607.87 ,,11.34
10/1/1974,51,0.8%,6.0%,12.1%,51.2,1.0%,6.9%,13.8%,-9.0997,6, 73.90 , 665.52 ,,10.06
11/1/1974,51.5,1.0%,6.0%,11.9%,51.6,0.8%,6.4%,12.8%,-9.522066667,6.6, 69.97 , 618.66 ,,9.45
12/1/1974,51.9,0.8%,5.9%,11.8%,52,0.8%,6.1%,12.2%,-9.944433333,7.2, 68.56 , 616.24 ,,8.53
1/1/1975,52.3,0.8%,6.1%,12.2%,52.3,0.6%,5.7%,11.3%,-10.3668,8.1, 76.98 , 703.69 ,,7.13
2/1/1975,52.6,0.6%,5.4%,10.8%,52.8,1.0%,5.2%,10.4%,-7.013633333,8.1, 81.59 , 739.05 ,,6.24
3/1/1975,52.8,0.4%,4.3%,8.7%,53,0.4%,4.5%,9.1%,-3.660466667,8.6, 83.36 , 768.15 ,,5.54
4/1/1975,53,0.4%,3.9%,7.8%,53.3,0.6%,4.1%,8.2%,-0.3073,8.8, 87.30 , 821.34 ,,5.49
5/1/1975,53.1,0.2%,3.1%,6.2%,53.5,0.4%,3.7%,7.4%,3.5146,9, 91.15 , 832.29 ,,5.22
6/1/1975,53.5,0.8%,3.1%,6.2%,53.8,0.6%,3.5%,6.9%,7.3365,8.8, 95.19 , 878.99 ,,5.55
7/1/1975,54,0.9%,3.3%,6.5%,54,0.4%,3.3%,6.5%,11.1584,8.6, 88.75 , 831.51 ,,6.1
8/1/1975,54.2,0.4%,3.0%,6.1%,54.2,0.4%,2.7%,5.3%,9.238733333,8.4, 86.88 , 835.34 ,,6.14
9/1/1975,54.6,0.7%,3.4%,6.8%,54.5,0.6%,2.8%,5.7%,7.319066667,8.4, 83.87 , 793.88 ,,6.24
10/1/1975,54.9,0.5%,3.6%,7.2%,54.8,0.6%,2.8%,5.6%,5.3994,8.4, 89.04 , 836.04 ,,5.82
11/1/1975,55.3,0.7%,4.1%,8.3%,55.2,0.7%,3.2%,6.4%,6.100866667,8.3, 91.24 , 860.67 ,,5.22
12/1/1975,55.6,0.5%,3.9%,7.9%,55.5,0.5%,3.2%,6.3%,6.802333333,8.2, 90.19 , 852.41 ,,5.2
1/1/1976,55.8,0.4%,3.3%,6.7%,55.9,0.7%,3.5%,7.0%,7.5038,7.9, 100.86 , 975.28 ,,4.87
2/1/1976,55.9,0.2%,3.1%,6.3%,56.2,0.5%,3.7%,7.4%,6.4594,7.7, 99.71 , 972.61 ,,4.77
3/1/1976,56,0.2%,2.6%,5.1%,56.5,0.5%,3.7%,7.3%,5.415,7.6, 102.77 , 999.45 ,,4.84
4/1/1976,56.1,0.2%,2.2%,4.4%,56.7,0.4%,3.5%,6.9%,4.3706,7.7, 101.64 , 996.85 ,,4.82
5/1/1976,56.4,0.5%,2.0%,4.0%,57,0.5%,3.3%,6.5%,4.2236,7.4, 100.18 , 975.23 ,,5.29
6/1/1976,56.7,0.5%,2.0%,4.0%,57.2,0.4%,3.1%,6.1%,4.0766,7.6, 104.28 ," 1,002.78 ",,5.48
7/1/1976,57,0.5%,2.2%,4.3%,57.6,0.7%,3.0%,6.1%,3.9296,7.8, 103.44 , 984.64 ,,5.31
8/1/1976,57.3,0.5%,2.5%,5.0%,57.9,0.5%,3.0%,6.0%,3.605166667,7.8, 102.91 , 973.74 ,,5.29
9/1/1976,57.6,0.5%,2.9%,5.7%,58.2,0.5%,3.0%,6.0%,3.280733333,7.6, 105.24 , 990.19 ,,5.25
10/1/1976,57.9,0.5%,3.2%,6.4%,58.5,0.5%,3.2%,6.3%,2.9563,7.7, 102.90 , 964.93 ,,5.02
11/1/1976,58.1,0.3%,3.0%,6.0%,58.7,0.3%,3.0%,6.0%,3.711766667,7.8, 102.10 , 947.22 ,,4.95
12/1/1976,58.4,0.5%,3.0%,6.0%,58.9,0.3%,3.0%,5.9%,4.467233333,7.8, 107.46 ," 1,004.65 ",,4.65
1/1/1977,58.7,0.5%,3.0%,6.0%,59.3,0.7%,3.0%,5.9%,5.2227,7.5, 102.03 , 954.37 ,,4.61
2/1/1977,59.3,1.0%,3.5%,7.0%,59.7,0.7%,3.1%,6.2%,5.6268,7.6, 99.82 , 936.42 ,,4.68
3/1/1977,59.6,0.5%,3.5%,6.9%,60,0.5%,3.1%,6.2%,6.0309,7.4, 98.42 , 919.13 ,,4.69
4/1/1977,60,0.7%,3.6%,7.3%,60.3,0.5%,3.1%,6.2%,6.435,7.2, 98.44 , 926.90 ,,4.73
5/1/1977,60.2,0.3%,3.6%,7.2%,60.6,0.5%,3.2%,6.5%,5.560233333,7, 96.12 , 898.66 ,,5.35
6/1/1977,60.5,0.5%,3.6%,7.2%,61,0.7%,3.6%,7.1%,4.685466667,7.2, 100.48 , 916.30 ,,5.39
7/1/1977,60.8,0.5%,3.6%,7.2%,61.2,0.3%,3.2%,6.4%,3.8107,6.9, 98.85 , 890.07 ,,5.42
8/1/1977,61.1,0.5%,3.0%,6.1%,61.5,0.5%,3.0%,6.0%,3.9476,7, 96.77 , 861.49 ,,5.9
9/1/1977,61.3,0.3%,2.9%,5.7%,61.8,0.5%,3.0%,6.0%,4.0845,6.8, 96.53 , 847.11 ,,6.14
10/1/1977,61.6,0.5%,2.7%,5.3%,62,0.3%,2.8%,5.6%,4.2214,6.8, 92.34 , 818.35 ,,6.47
11/1/1977,62,0.6%,3.0%,6.0%,62.3,0.5%,2.8%,5.6%,2.6284,6.8, 94.83 , 829.70 ,,6.51
12/1/1977,62.3,0.5%,3.0%,6.0%,62.7,0.6%,2.8%,5.6%,1.0354,6.4, 95.10 , 831.17 ,,6.56
1/1/1978,62.7,0.6%,3.1%,6.3%,63.1,0.6%,3.1%,6.2%,-0.5576,6.4, 89.25 , 769.92 ,,6.7
2/1/1978,63,0.5%,3.1%,6.2%,63.4,0.5%,3.1%,6.2%,2.096366667,6.3, 87.04 , 742.12 ,,6.78
3/1/1978,63.4,0.6%,3.4%,6.9%,63.8,0.6%,3.2%,6.5%,4.750333333,6.3, 89.21 , 757.36 ,,6.79
4/1/1978,63.9,0.8%,3.7%,7.5%,64.3,0.8%,3.7%,7.4%,7.4043,6.1, 96.83 , 837.32 ,,6.89
5/1/1978,64.5,0.9%,4.0%,8.1%,64.7,0.6%,3.9%,7.7%,6.0789,6, 97.24 , 840.61 ,,7.36
6/1/1978,65,0.8%,4.3%,8.7%,65.2,0.8%,4.0%,8.0%,4.7535,5.9, 95.53 , 818.95 ,,7.6
7/1/1978,65.5,0.8%,4.5%,8.9%,65.6,0.6%,4.0%,7.9%,3.4281,6.2, 100.68 , 862.27 ,,7.81
8/1/1978,65.9,0.6%,4.6%,9.2%,66.1,0.8%,4.3%,8.5%,4.323733333,5.9, 103.29 , 876.82 ,,8.04
9/1/1978,66.5,0.9%,4.9%,9.8%,66.7,0.9%,4.5%,9.1%,5.219366667,6, 102.54 , 865.82 ,,8.45
10/1/1978,67.1,0.9%,5.0%,10.0%,67.2,0.7%,4.5%,9.0%,6.115,5.8, 93.15 , 792.45 ,,8.96
11/1/1978,67.5,0.6%,4.7%,9.3%,67.6,0.6%,4.5%,9.0%,4.3224,5.9, 94.70 , 799.03 ,,9.76
12/1/1978,67.9,0.6%,4.5%,8.9%,68,0.6%,4.3%,8.6%,2.5298,6, 96.11 , 805.01 ,,10.03
1/1/1979,68.5,0.9%,4.6%,9.2%,68.5,0.7%,4.4%,8.8%,0.7372,5.9, 99.93 , 839.22 ,,10.07
2/1/1979,69.2,1.0%,5.0%,10.0%,69.2,1.0%,4.7%,9.4%,-0.594766667,5.9, 96.28 , 808.82 ,,10.06
3/1/1979,69.9,1.0%,5.1%,10.2%,69.8,0.9%,4.6%,9.3%,-1.926733333,5.8, 101.59 , 862.18 ,,10.09
4/1/1979,70.6,1.0%,5.2%,10.4%,70.3,0.7%,4.6%,9.2%,-3.2587,5.8, 101.76 , 854.90 ,,10.01
5/1/1979,71.4,1.1%,5.8%,11.6%,70.8,0.7%,4.7%,9.5%,-1.368466667,5.6, 99.08 , 822.33 ,,10.24
6/1/1979,72.2,1.1%,6.3%,12.7%,71.3,0.7%,4.9%,9.7%,0.521766667,5.7, 102.91 , 841.98 ,,10.29
7/1/1979,73,1.1%,6.6%,13.1%,71.9,0.8%,5.0%,9.9%,2.412,5.7, 103.81 , 846.42 ,,10.47
8/1/1979,73.7,1.0%,6.5%,13.0%,72.7,1.1%,5.1%,10.1%,2.084966667,6, 109.32 , 887.63 ,,10.94
9/1/1979,74.4,0.9%,6.4%,12.9%,73.3,0.8%,5.0%,10.0%,1.757933333,5.9, 109.32 , 878.58 ,,11.43
10/1/1979,75.2,1.1%,6.5%,13.0%,74,1.0%,5.3%,10.5%,1.4309,6, 101.82 , 815.70 ,,13.77
11/1/1979,76,1.1%,6.4%,12.9%,74.8,1.1%,5.6%,11.3%,1.316433333,5.9, 106.16 , 822.35 ,,13.18
12/1/1979,76.9,1.2%,6.5%,13.0%,75.7,1.2%,6.2%,12.3%,1.201966667,6, 107.94 , 838.74 ,,13.78
1/1/1980,78,1.4%,6.8%,13.7%,76.7,1.3%,6.7%,13.4%,1.0875,6.3, 115.12 , 875.84 ,,13.82
2/1/1980,79,1.3%,7.2%,14.4%,77.5,1.0%,6.6%,13.2%,-2.295266667,6.3, 113.66 , 863.14 ,,14.13
3/1/1980,80.1,1.4%,7.7%,15.3%,78.6,1.4%,7.2%,14.5%,-5.678033333,6.3, 102.09 , 785.75 ,,17.19
4/1/1980,80.9,1.0%,7.6%,15.2%,79.5,1.1%,7.4%,14.9%,-9.0608,6.9, 106.29 , 817.06 ,,17.61
5/1/1980,81.7,1.0%,7.5%,15.0%,80.1,0.8%,7.1%,14.2%,-5.708,7.5, 111.24 , 850.84 ,,10.98
6/1/1980,82.5,1.0%,7.3%,14.6%,81,1.1%,7.0%,14.0%,-2.3552,7.6, 114.24 , 867.92 ,,9.47
7/1/1980,82.6,0.1%,5.9%,11.8%,80.8,-0.2%,5.3%,10.7%,0.9976,7.8, 121.67 , 935.31 ,,9.03
8/1/1980,83.2,0.7%,5.3%,10.6%,81.3,0.6%,4.9%,9.8%,2.344566667,7.7, 122.38 , 932.59 ,,9.61
9/1/1980,83.9,0.8%,4.7%,9.5%,82.1,1.0%,4.5%,8.9%,3.691533333,7.5, 125.48 , 932.42 ,,10.87
10/1/1980,84.7,1.0%,4.7%,9.4%,83,1.1%,4.4%,8.8%,5.0385,7.5, 127.47 , 924.48 ,,12.81
11/1/1980,85.6,1.1%,4.8%,9.5%,83.9,1.1%,4.7%,9.5%,5.528133333,7.5, 140.52 , 993.34 ,,15.85
12/1/1980,86.4,0.9%,4.7%,9.5%,84.9,1.2%,4.8%,9.6%,6.017766667,7.2, 135.76 , 963.98 ,,18.9
1/1/1981,87.2,0.9%,5.6%,11.1%,85.4,0.6%,5.7%,11.4%,6.5074,7.5, 129.55 , 947.27 ,,19.08
2/1/1981,88,0.9%,5.8%,11.5%,85.9,0.6%,5.7%,11.3%,3.701,7.4, 131.27 , 974.58 ,,15.93
3/1/1981,88.6,0.7%,5.6%,11.2%,86.4,0.6%,5.2%,10.5%,0.8946,7.4, 136.00 ," 1,003.87 ",,14.7
4/1/1981,89.1,0.6%,5.2%,10.4%,87,0.7%,4.8%,9.6%,-1.9118,7.2, 132.87 , 997.75 ,,15.72
5/1/1981,89.7,0.7%,4.8%,9.6%,87.8,0.9%,4.6%,9.3%,-1.468333333,7.5, 132.59 , 991.75 ,,18.52
6/1/1981,90.5,0.9%,4.7%,9.5%,88.6,0.9%,4.4%,8.7%,-1.024866667,7.5, 131.21 , 976.88 ,,19.1
7/1/1981,91.5,1.1%,4.9%,9.9%,89.8,1.4%,5.2%,10.3%,-0.5814,7.2, 130.92 , 952.34 ,,19.04
8/1/1981,92.2,0.8%,4.8%,9.5%,90.7,1.0%,5.6%,11.2%,-2.129233333,7.4, 122.79 , 881.47 ,,17.82
9/1/1981,93.1,1.0%,5.1%,10.2%,91.8,1.2%,6.2%,12.5%,-3.677066667,7.6, 116.18 , 849.98 ,,15.87
10/1/1981,93.4,0.3%,4.8%,9.7%,92.1,0.3%,5.9%,11.7%,-5.2249,7.9, 121.89 , 852.55 ,,15.08
11/1/1981,93.8,0.4%,4.6%,9.1%,92.5,0.4%,5.4%,10.7%,-4.780833333,8.3, 126.35 , 888.98 ,,13.31
12/1/1981,94.1,0.3%,4.0%,8.0%,93,0.5%,5.0%,9.9%,-4.336766667,8.5, 122.55 , 875.00 ,,12.37
1/1/1982,94.4,0.3%,3.2%,6.3%,93.3,0.3%,3.9%,7.8%,-3.8927,8.6, 120.40 , 871.09 ,,13.22
2/1/1982,94.7,0.3%,2.7%,5.4%,93.8,0.5%,3.4%,6.8%,-2.038666667,8.9, 113.11 , 824.39 ,,14.78
3/1/1982,94.7,0.0%,1.7%,3.4%,93.9,0.1%,2.3%,4.6%,-0.184633333,9, 111.96 , 822.77 ,,14.68
4/1/1982,95,0.3%,1.7%,3.4%,94.7,0.9%,2.8%,5.6%,1.6694,9.3, 116.44 , 848.36 ,,14.94
5/1/1982,95.9,0.9%,2.2%,4.5%,95.4,0.7%,3.1%,6.3%,1.366166667,9.4, 111.00 , 819.55 ,,14.45
6/1/1982,97,1.1%,3.1%,6.2%,96.1,0.7%,3.3%,6.7%,1.062933333,9.6, 109.61 , 811.94 ,,14.15
7/1/1982,97.5,0.5%,3.3%,6.6%,96.7,0.6%,3.6%,7.3%,0.7597,9.8, 107.09 , 808.59 ,,12.59
8/1/1982,97.7,0.2%,3.2%,6.3%,97.1,0.4%,3.5%,7.0%,-0.331733333,9.8, 119.51 , 901.31 ,,10.12
9/1/1982,97.7,0.0%,3.2%,6.3%,97.2,0.1%,3.5%,7.0%,-1.423166667,10.1, 120.42 , 896.25 ,,10.31
10/1/1982,98.1,0.4%,3.3%,6.5%,97.5,0.3%,3.0%,5.9%,-2.5146,10.4, 133.72 , 991.07 ,,9.71
11/1/1982,98,-0.1%,2.2%,4.4%,97.3,-0.2%,2.0%,4.0%,-0.6447,10.8, 138.53 ," 1,039.28 ",,9.2
12/1/1982,97.7,-0.3%,0.7%,1.4%,97.2,-0.1%,1.1%,2.3%,1.2252,10.8, 140.64 ," 1,046.55 ",,8.95
1/1/1983,97.9,0.2%,0.4%,0.8%,97.6,0.4%,0.9%,1.9%,3.0951,10.4, 145.30 ," 1,075.69 ",,8.68
2/1/1983,98,0.1%,0.3%,0.6%,98,0.4%,0.9%,1.9%,4.9536,10.4, 148.05 ," 1,112.62 ",,8.51
3/1/1983,98.1,0.1%,0.4%,0.8%,98.2,0.2%,1.0%,2.1%,6.8121,10.3, 152.96 ," 1,129.93 ",,8.77
4/1/1983,98.8,0.7%,0.7%,1.4%,98.6,0.4%,1.1%,2.3%,8.6706,10.2, 164.43 ," 1,226.19 ",,8.8
5/1/1983,99.2,0.4%,1.2%,2.4%,98.9,0.3%,1.6%,3.3%,8.416733333,10.1, 162.39 ," 1,200.08 ",,8.63
6/1/1983,99.4,0.2%,1.7%,3.5%,99.2,0.3%,2.1%,4.1%,8.162866667,10.1, 168.11 ," 1,221.35 ",,8.98
7/1/1983,99.8,0.4%,1.9%,3.9%,99.8,0.6%,2.3%,4.5%,7.909,9.4, 162.56 ," 1,199.21 ",,9.37
8/1/1983,100.1,0.3%,2.1%,4.3%,100.1,0.3%,2.1%,4.3%,6.764833333,9.5, 164.40 ," 1,216.15 ",,9.56
9/1/1983,100.4,0.3%,2.3%,4.7%,100.5,0.4%,2.3%,4.7%,5.620666667,9.2, 166.07 ," 1,233.12 ",,9.45
10/1/1983,100.8,0.4%,2.0%,4.0%,101,0.5%,2.4%,4.9%,4.4765,8.8, 163.55 ," 1,225.20 ",,9.48
11/1/1983,101.1,0.3%,1.9%,3.8%,101.5,0.5%,2.6%,5.3%,5.763566667,8.5, 166.39 ," 1,276.01 ",,9.34
12/1/1983,101.4,0.3%,2.0%,4.0%,101.8,0.3%,2.6%,5.2%,7.050633333,8.3, 164.93 ," 1,258.63 ",,9.47
1/1/1984,102.1,0.7%,2.3%,4.6%,102.5,0.7%,2.7%,5.4%,8.3377,8, 163.42 ," 1,220.57 ",,9.56
2/1/1984,102.6,0.5%,2.5%,5.0%,102.8,0.3%,2.7%,5.4%,8.050566667,7.8, 157.06 ," 1,154.62 ",,9.59
3/1/1984,102.9,0.3%,2.5%,5.0%,103.2,0.4%,2.7%,5.4%,7.763433333,7.8, 159.18 ," 1,164.26 ",,9.91
4/1/1984,103.3,0.4%,2.5%,5.0%,103.7,0.5%,2.7%,5.3%,7.4763,7.7, 160.04 ," 1,170.74 ",,10.29
5/1/1984,103.5,0.2%,2.4%,4.7%,104.1,0.4%,2.6%,5.1%,5.8716,7.4, 150.55 ," 1,104.84 ",,10.32
6/1/1984,103.7,0.2%,2.3%,4.5%,104.5,0.4%,2.7%,5.3%,4.2669,7.2, 153.18 ," 1,132.39 ",,11.06
7/1/1984,104.1,0.4%,2.0%,3.9%,105,0.5%,2.4%,4.9%,2.6622,7.5, 150.66 ," 1,115.28 ",,11.23
8/1/1984,104.4,0.3%,1.8%,3.5%,105.4,0.4%,2.5%,5.1%,3.0822,7.5, 166.68 ," 1,224.38 ",,11.64
9/1/1984,104.7,0.3%,1.7%,3.5%,105.8,0.4%,2.5%,5.0%,3.5022,7.3, 166.10 ," 1,206.71 ",,11.3
10/1/1984,105.1,0.4%,1.7%,3.5%,106.2,0.4%,2.4%,4.8%,3.9222,7.4, 166.09 ," 1,207.37 ",,9.99
11/1/1984,105.3,0.2%,1.7%,3.5%,106.4,0.2%,2.2%,4.4%,3.066233333,7.2, 163.58 ," 1,188.93 ",,9.43
12/1/1984,105.5,0.2%,1.7%,3.5%,106.8,0.4%,2.2%,4.4%,2.210266667,7.3, 167.24 ," 1,211.57 ",,8.38
1/1/1985,105.7,0.2%,1.5%,3.1%,107.1,0.3%,2.0%,4.0%,1.3543,7.3, 179.63 ," 1,286.76 ", 125.00 ,8.35
2/1/1985,106.3,0.6%,1.8%,3.6%,107.7,0.6%,2.2%,4.4%,1.483733333,7.2, 181.18 ," 1,284.00 ", 123.52 ,8.5
3/1/1985,106.8,0.5%,2.0%,4.0%,108.1,0.4%,2.2%,4.3%,1.613166667,7.2, 180.66 ," 1,266.78 ", 117.36 ,8.58
4/1/1985,107,0.2%,1.8%,3.6%,108.4,0.3%,2.1%,4.1%,1.7426,7.3, 179.83 ," 1,258.05 ", 115.38 ,8.27
5/1/1985,107.2,0.2%,1.8%,3.6%,108.8,0.4%,2.3%,4.5%,2.251866667,7.2, 189.57 ," 1,315.41 ", 119.64 ,7.97
6/1/1985,107.5,0.3%,1.9%,3.8%,109.1,0.3%,2.2%,4.3%,2.761133333,7.4, 191.85 ," 1,335.23 ", 122.14 ,7.53
7/1/1985,107.7,0.2%,1.9%,3.8%,109.4,0.3%,2.1%,4.3%,3.2704,7.4, 190.92 ," 1,347.44 ", 123.27 ,7.88
8/1/1985,107.9,0.2%,1.5%,3.0%,109.8,0.4%,1.9%,3.9%,2.9646,7.1, 188.63 ," 1,334.01 ", 118.30 ,7.9
9/1/1985,108.1,0.2%,1.2%,2.4%,110,0.2%,1.8%,3.5%,2.6588,7.1, 182.08 ," 1,328.62 ", 110.62 ,7.92
10/1/1985,108.5,0.4%,1.4%,2.8%,110.5,0.5%,1.9%,3.9%,2.353,7.1, 189.82 ," 1,374.30 ", 115.48 ,7.99
11/1/1985,109,0.5%,1.7%,3.4%,111.1,0.5%,2.1%,4.2%,2.6358,7, 202.17 ," 1,472.12 ", 126.06 ,8.05
12/1/1985,109.5,0.5%,1.9%,3.7%,111.4,0.3%,2.1%,4.2%,2.9186,7, 211.28 ," 1,546.67 ", 132.29 ,8.27
1/1/1986,109.9,0.4%,2.0%,4.1%,111.9,0.4%,2.3%,4.6%,3.2014,6.7, 211.78 ," 1,570.98 ", 132.93 ,8.14
2/1/1986,109.7,-0.2%,1.7%,3.3%,112.2,0.3%,2.2%,4.4%,2.493133333,7.2, 226.92 ," 1,709.05 ", 140.43 ,7.86
3/1/1986,109.1,-0.5%,0.9%,1.9%,112.5,0.3%,2.3%,4.5%,1.784866667,7.2, 238.90 ," 1,818.61 ", 148.86 ,7.48
4/1/1986,108.7,-0.4%,0.2%,0.4%,112.9,0.4%,2.2%,4.3%,1.0766,7.1, 235.52 ," 1,783.98 ", 154.91 ,6.99
5/1/1986,109,0.3%,0.0%,0.0%,113.1,0.2%,1.8%,3.6%,1.522433333,7.2, 247.35 ," 1,876.70 ", 163.16 ,6.85
6/1/1986,109.4,0.4%,-0.1%,-0.2%,113.4,0.3%,1.8%,3.6%,1.968266667,7.2, 250.84 ," 1,892.70 ", 162.62 ,6.92
7/1/1986,109.5,0.1%,-0.4%,-0.7%,113.8,0.4%,1.7%,3.4%,2.4141,7, 236.12 ," 1,775.30 ", 144.71 ,6.56
8/1/1986,109.6,0.1%,-0.1%,-0.2%,114.2,0.4%,1.8%,3.6%,2.191866667,6.9, 252.93 ," 1,898.30 ", 151.70 ,6.17
9/1/1986,110,0.4%,0.8%,1.6%,114.6,0.4%,1.9%,3.7%,1.969633333,7, 231.32 ," 1,767.60 ", 137.49 ,5.89
10/1/1986,110.2,0.2%,1.4%,2.8%,115,0.3%,1.9%,3.7%,1.7474,7, 243.98 ," 1,877.80 ", 144.48 ,5.85
11/1/1986,110.4,0.2%,1.3%,2.6%,115.3,0.3%,1.9%,3.9%,2.597966667,6.9, 249.22 ," 1,914.20 ", 147.94 ,6.04
12/1/1986,110.8,0.4%,1.3%,2.6%,115.6,0.3%,1.9%,3.9%,3.448533333,6.6, 242.16 ," 1,896.00 ", 141.40 ,6.91
1/1/1987,111.4,0.5%,1.7%,3.5%,115.9,0.3%,1.8%,3.7%,4.2991,6.6, 274.08 ," 2,158.00 ", 166.68 ,6.43
2/1/1987,111.8,0.4%,2.0%,4.0%,116.2,0.3%,1.8%,3.5%,3.7297,6.6, 284.20 ," 2,224.00 ", 182.75 ,6.1
3/1/1987,112.2,0.4%,2.0%,4.0%,116.6,0.3%,1.7%,3.5%,3.1603,6.6, 291.70 ," 2,304.70 ", 186.04 ,6.13
4/1/1987,112.7,0.4%,2.3%,4.5%,117.3,0.6%,2.0%,4.0%,2.5909,6.3, 288.35 ," 2,286.40 ", 184.83 ,6.37
5/1/1987,113,0.3%,2.4%,4.7%,117.7,0.3%,2.1%,4.2%,3.0065,6.3, 290.10 ," 2,291.60 ", 188.77 ,6.85
6/1/1987,113.5,0.4%,2.4%,4.9%,117.9,0.2%,2.0%,4.0%,3.4221,6.2, 304.00 ," 2,418.50 ", 189.24 ,6.73
7/1/1987,113.8,0.3%,2.2%,4.3%,118.3,0.3%,2.1%,4.1%,3.8377,6.1, 318.66 ," 2,572.10 ", 196.35 ,6.58
8/1/1987,114.3,0.4%,2.2%,4.5%,118.7,0.3%,2.2%,4.3%,3.942066667,6, 329.79 ," 2,663.00 ", 209.57 ,6.73
9/1/1987,114.7,0.3%,2.2%,4.5%,119.2,0.4%,2.2%,4.5%,4.046433333,5.9, 321.83 ," 2,596.30 ", 205.51 ,7.22
10/1/1987,115,0.3%,2.0%,4.1%,119.8,0.5%,2.1%,4.3%,4.1508,6, 251.79 ," 1,993.50 ", 150.07 ,7.29
11/1/1987,115.4,0.3%,2.1%,4.2%,120.1,0.3%,2.0%,4.1%,3.522533333,5.8, 230.31 ," 1,833.60 ", 137.13 ,6.69
12/1/1987,115.6,0.2%,1.9%,3.7%,120.4,0.2%,2.1%,4.2%,2.894266667,5.7, 247.09 ," 1,938.80 ", 156.25 ,6.77
1/1/1988,116,0.3%,1.9%,3.9%,120.9,0.4%,2.2%,4.4%,2.266,5.7, 257.07 ," 1,958.20 ", 159.13 ,6.83
2/1/1988,116.2,0.2%,1.7%,3.3%,121.2,0.2%,2.1%,4.2%,2.540233333,5.7, 267.82 ," 2,071.60 ", 172.64 ,6.58
3/1/1988,116.5,0.3%,1.6%,3.1%,121.7,0.4%,2.1%,4.2%,2.814466667,5.7, 258.89 ," 1,988.10 ", 173.26 ,6.58
4/1/1988,117.2,0.6%,1.9%,3.8%,122.3,0.5%,2.1%,4.2%,3.0887,5.4, 261.33 ," 2,032.30 ", 175.92 ,6.87
5/1/1988,117.5,0.3%,1.8%,3.6%,122.7,0.3%,2.2%,4.3%,2.8047,5.6, 262.14 ," 2,031.10 ", 173.35 ,7.09
6/1/1988,118,0.4%,2.1%,4.2%,123.2,0.4%,2.3%,4.7%,2.5207,5.4, 273.50 ," 2,141.70 ", 189.02 ,7.51
7/1/1988,118.5,0.4%,2.2%,4.3%,123.6,0.3%,2.2%,4.5%,2.2367,5.4, 272.01 ," 2,128.70 ", 181.16 ,7.75
8/1/1988,119,0.4%,2.4%,4.8%,124,0.3%,2.3%,4.6%,2.154466667,5.6, 261.52 ," 2,031.70 ", 170.99 ,8.01
9/1/1988,119.5,0.4%,2.6%,5.2%,124.7,0.6%,2.5%,4.9%,2.072233333,5.4, 271.91 ," 2,112.90 ", 179.37 ,8.19
10/1/1988,119.9,0.3%,2.3%,4.6%,125.2,0.4%,2.4%,4.7%,1.99,5.4, 278.97 ," 2,148.70 ", 174.78 ,8.3
11/1/1988,120.3,0.3%,2.4%,4.8%,125.6,0.3%,2.4%,4.7%,3.175466667,5.3, 273.69 ," 2,114.50 ", 169.18 ,8.35
12/1/1988,120.7,0.3%,2.3%,4.6%,126,0.3%,2.3%,4.5%,4.360933333,5.3, 277.72 ," 2,168.60 ", 177.41 ,8.76
1/1/1989,121.2,0.4%,2.3%,4.6%,126.5,0.4%,2.3%,4.7%,5.5464,5.4, 297.48 ," 2,342.30 ", 186.47 ,9.12
2/1/1989,121.6,0.3%,2.2%,4.4%,126.9,0.3%,2.3%,4.7%,4.256266667,5.2, 288.86 ," 2,258.40 ", 183.79 ,9.36
3/1/1989,122.2,0.5%,2.3%,4.5%,127.4,0.4%,2.2%,4.3%,2.966133333,5, 294.87 ," 2,293.60 ", 185.87 ,9.85
4/1/1989,123.1,0.7%,2.7%,5.3%,127.8,0.3%,2.1%,4.2%,1.676,5.2, 309.64 ," 2,418.80 ", 200.47 ,9.84
5/1/1989,123.7,0.5%,2.8%,5.7%,128.3,0.4%,2.1%,4.3%,1.951,5.2, 320.52 ," 2,480.20 ", 214.54 ,9.81
6/1/1989,124.1,0.3%,2.8%,5.6%,128.8,0.4%,2.2%,4.4%,2.226,5.3, 317.98 ," 2,440.10 ", 204.59 ,9.53
7/1/1989,124.5,0.3%,2.7%,5.4%,129.2,0.3%,2.1%,4.3%,2.501,5.2, 346.08 ," 2,660.70 ", 214.27 ,9.24
8/1/1989,124.5,0.0%,2.4%,4.8%,129.5,0.2%,2.0%,4.1%,1.8342,5.2, 351.45 ," 2,737.20 ", 222.01 ,8.99
9/1/1989,124.8,0.2%,2.1%,4.3%,129.9,0.3%,2.0%,3.9%,1.1674,5.3, 349.15 ," 2,692.80 ", 226.39 ,9.02
10/1/1989,125.4,0.5%,1.9%,3.7%,130.6,0.5%,2.2%,4.4%,0.5006,5.3, 340.36 ," 2,645.00 ", 222.62 ,8.84
11/1/1989,125.9,0.4%,1.8%,3.6%,131.1,0.4%,2.2%,4.4%,1.032333333,5.4, 345.99 ," 2,706.20 ", 224.45 ,8.55
12/1/1989,126.3,0.3%,1.8%,3.5%,131.6,0.4%,2.2%,4.3%,1.564066667,5.4, 353.40 ," 2,753.20 ", 223.84 ,8.45
1/1/1990,127.5,1.0%,2.4%,4.8%,132.1,0.4%,2.2%,4.5%,2.0958,5.4, 329.08 ," 2,590.50 ", 201.94 ,8.23
2/1/1990,128,0.4%,2.8%,5.6%,132.7,0.5%,2.5%,4.9%,1.8038,5.3, 331.89 ," 2,627.20 ", 207.91 ,8.24
3/1/1990,128.6,0.5%,3.0%,6.1%,133.5,0.6%,2.8%,5.5%,1.5118,5.2, 339.94 ," 2,706.90 ", 213.15 ,8.28
4/1/1990,128.9,0.2%,2.8%,5.6%,134,0.4%,2.6%,5.2%,1.2198,5.4, 330.80 ," 2,656.70 ", 205.82 ,8.26
5/1/1990,129.1,0.2%,2.5%,5.1%,134.4,0.3%,2.5%,5.0%,1.410833333,5.4, 361.23 ," 2,876.60 ", 236.15 ,8.18
6/1/1990,129.9,0.6%,2.9%,5.7%,135.1,0.5%,2.7%,5.3%,1.601866667,5.2, 358.02 ," 2,880.60 ", 238.46 ,8.29
7/1/1990,130.5,0.5%,2.4%,4.7%,135.8,0.5%,2.8%,5.6%,1.7929,5.5, 356.15 ," 2,905.40 ", 223.38 ,8.15
8/1/1990,131.6,0.8%,2.8%,5.6%,136.6,0.6%,2.9%,5.9%,0.4848,5.7, 322.56 ," 2,614.30 ", 193.62 ,8.13
9/1/1990,132.5,0.7%,3.0%,6.1%,137.1,0.4%,2.7%,5.4%,-0.8233,5.9, 306.05 ," 2,452.40 ", 177.05 ,8.2
10/1/1990,133.4,0.7%,3.5%,7.0%,137.6,0.4%,2.7%,5.4%,-2.1314,5.9, 304.00 ," 2,442.30 ", 172.55 ,8.11
11/1/1990,133.7,0.2%,3.6%,7.1%,138,0.3%,2.7%,5.4%,-2.3579,6.2, 322.22 ," 2,560.40 ", 192.65 ,7.81
12/1/1990,134.2,0.4%,3.3%,6.6%,138.6,0.4%,2.6%,5.2%,-2.5844,6.3, 330.22 ," 2,633.60 ", 200.53 ,7.31
1/1/1991,134.7,0.4%,3.2%,6.4%,139.5,0.6%,2.7%,5.4%,-2.8109,6.4, 343.93 ," 2,736.40 ", 232.42 ,6.91
2/1/1991,134.8,0.1%,2.4%,4.9%,140.2,0.5%,2.6%,5.3%,-1.7347,6.6, 367.07 ," 2,882.10 ", 250.01 ,6.25
3/1/1991,134.8,0.0%,1.7%,3.5%,140.5,0.2%,2.5%,5.0%,-0.6585,6.8, 375.22 ," 2,913.90 ", 264.90 ,6.12
4/1/1991,135.1,0.2%,1.3%,2.5%,140.9,0.3%,2.4%,4.8%,0.4177,6.7, 375.35 ," 2,887.90 ", 263.65 ,5.91
5/1/1991,135.6,0.4%,1.4%,2.8%,141.3,0.3%,2.4%,4.8%,1.068766667,6.9, 389.83 ," 3,027.50 ", 279.00 ,5.78
6/1/1991,136,0.3%,1.3%,2.7%,141.8,0.4%,2.3%,4.6%,1.719833333,6.9, 371.16 ," 2,906.80 ", 254.32 ,5.9
7/1/1991,136.2,0.1%,1.1%,2.2%,142.3,0.4%,2.0%,4.0%,2.3709,6.8, 387.81 ," 3,024.80 ", 272.15 ,5.82
8/1/1991,136.6,0.3%,1.3%,2.7%,142.9,0.4%,1.9%,3.9%,1.679433333,6.9, 395.43 ," 3,043.60 ", 287.40 ,5.66
9/1/1991,137,0.3%,1.6%,3.3%,143.4,0.3%,2.1%,4.1%,0.987966667,6.9, 387.86 ," 3,016.77 ", 287.53 ,5.45
10/1/1991,137.2,0.1%,1.6%,3.1%,143.7,0.2%,2.0%,4.0%,0.2965,7, 392.46 ," 3,069.10 ", 292.50 ,5.21
11/1/1991,137.8,0.4%,1.6%,3.2%,144.2,0.3%,2.1%,4.1%,0.857133333,7, 375.22 ," 2,894.68 ", 284.79 ,4.81
12/1/1991,138.2,0.3%,1.6%,3.2%,144.7,0.3%,2.0%,4.1%,1.417766667,7.3, 417.09 ," 3,168.83 ", 330.85 ,4.43
1/1/1992,138.3,0.1%,1.5%,3.1%,145.1,0.3%,2.0%,3.9%,1.9784,7.3, 408.79 ," 3,223.39 ", 338.31 ,4.03
2/1/1992,138.6,0.2%,1.5%,2.9%,145.4,0.2%,1.7%,3.5%,1.780933333,7.4, 412.70 ," 3,267.66 ", 345.88 ,4.06
3/1/1992,139.1,0.4%,1.5%,3.1%,145.9,0.3%,1.7%,3.5%,1.583466667,7.4, 403.69 ," 3,235.46 ", 323.05 ,3.98
4/1/1992,139.4,0.2%,1.6%,3.2%,146.3,0.3%,1.8%,3.6%,1.386,7.4, 414.95 ," 3,359.12 ", 307.86 ,3.73
5/1/1992,139.7,0.2%,1.4%,2.8%,146.8,0.3%,1.8%,3.6%,1.807466667,7.6, 415.35 ," 3,396.88 ", 315.29 ,3.82
6/1/1992,140.1,0.3%,1.4%,2.7%,147.1,0.2%,1.7%,3.3%,2.228933333,7.8, 408.14 ," 3,318.52 ", 301.23 ,3.76
7/1/1992,140.5,0.3%,1.6%,3.2%,147.6,0.3%,1.7%,3.4%,2.6504,7.7, 424.22 ," 3,393.78 ", 310.89 ,3.25
8/1/1992,140.8,0.2%,1.6%,3.2%,147.9,0.2%,1.7%,3.4%,3.030366667,7.6, 414.03 ," 3,257.35 ", 299.26 ,3.3
9/1/1992,141.1,0.2%,1.4%,2.9%,148.1,0.1%,1.5%,3.0%,3.410333333,7.6, 417.80 ," 3,271.66 ", 313.18 ,3.22
10/1/1992,141.7,0.4%,1.6%,3.3%,148.8,0.5%,1.7%,3.4%,3.7903,7.3, 418.68 ," 3,226.28 ", 329.15 ,3.1
11/1/1992,142.1,0.3%,1.7%,3.4%,149.2,0.3%,1.6%,3.3%,3.126633333,7.4, 431.35 ," 3,305.16 ", 350.96 ,3.09
12/1/1992,142.3,0.1%,1.6%,3.1%,149.6,0.3%,1.7%,3.4%,2.462966667,7.4, 435.71 ," 3,301.11 ", 360.18 ,2.92
1/1/1993,142.8,0.4%,1.6%,3.3%,150.1,0.3%,1.7%,3.4%,1.7993,7.3, 438.78 ," 3,310.03 ", 370.56 ,3.02
2/1/1993,143.1,0.2%,1.6%,3.3%,150.6,0.3%,1.8%,3.7%,1.7253,7.1, 443.38 ," 3,370.81 ", 351.14 ,3.03
3/1/1993,143.3,0.1%,1.6%,3.1%,150.8,0.1%,1.8%,3.6%,1.6513,7, 451.67 ," 3,435.11 ", 359.42 ,3.07
4/1/1993,143.8,0.3%,1.5%,3.0%,151.4,0.4%,1.7%,3.5%,1.5773,7.1, 440.19 ," 3,427.55 ", 339.94 ,2.96
5/1/1993,144.2,0.3%,1.5%,3.0%,151.8,0.3%,1.7%,3.5%,1.999666667,7.1, 450.21 ," 3,527.43 ", 368.11 ,3
6/1/1993,144.3,0.1%,1.4%,2.8%,152.1,0.2%,1.7%,3.3%,2.422033333,7, 450.53 ," 3,516.08 ", 366.12 ,3.04
7/1/1993,144.5,0.1%,1.2%,2.4%,152.3,0.1%,1.5%,2.9%,2.8444,6.9, 448.13 ," 3,539.47 ", 352.86 ,3.06
8/1/1993,144.8,0.2%,1.2%,2.4%,152.8,0.3%,1.5%,2.9%,3.852966667,6.8, 463.56 ," 3,651.25 ", 372.65 ,3.03
9/1/1993,145,0.1%,1.2%,2.4%,152.9,0.1%,1.4%,2.8%,4.861533333,6.7, 458.93 ," 3,555.12 ", 382.71 ,3.09
10/1/1993,145.6,0.4%,1.3%,2.5%,153.4,0.3%,1.3%,2.6%,5.8701,6.8, 467.83 ," 3,680.59 ", 390.98 ,2.99
11/1/1993,146,0.3%,1.2%,2.5%,153.9,0.3%,1.4%,2.8%,4.773833333,6.6, 461.79 ," 3,683.95 ", 386.76 ,3.02
12/1/1993,146.3,0.2%,1.4%,2.8%,154.3,0.3%,1.4%,2.9%,3.677566667,6.5, 466.45 ," 3,754.09 ", 397.72 ,2.96
1/1/1994,146.3,0.0%,1.2%,2.5%,154.5,0.1%,1.4%,2.9%,2.5813,6.6, 481.61 ," 3,978.36 ", 413.99 ,3.05
2/1/1994,146.7,0.3%,1.3%,2.6%,154.8,0.2%,1.3%,2.6%,2.9567,6.6, 467.14 ," 3,832.02 ", 412.17 ,3.25
3/1/1994,147.1,0.3%,1.4%,2.9%,155.3,0.3%,1.6%,3.1%,3.3321,6.5, 445.76 ," 3,635.96 ", 382.96 ,3.34
4/1/1994,147.2,0.1%,1.1%,2.2%,155.5,0.1%,1.4%,2.7%,3.7075,6.4, 450.91 ," 3,681.69 ", 373.25 ,3.56
5/1/1994,147.5,0.2%,1.0%,2.1%,155.9,0.3%,1.3%,2.6%,3.617733333,6.1, 456.51 ," 3,758.37 ", 378.85 ,4.01
6/1/1994,147.9,0.3%,1.1%,2.2%,156.4,0.3%,1.4%,2.7%,3.527966667,6.1, 444.27 ," 3,624.96 ", 360.30 ,4.25
7/1/1994,148.4,0.3%,1.4%,2.9%,156.7,0.2%,1.4%,2.8%,3.4382,6.1, 458.25 ," 3,764.50 ", 370.16 ,4.26
8/1/1994,149,0.4%,1.6%,3.1%,157.1,0.3%,1.5%,3.0%,3.802766667,6, 475.50 ," 3,913.42 ", 397.90 ,4.47
9/1/1994,149.3,0.2%,1.5%,3.0%,157.5,0.3%,1.4%,2.8%,4.167333333,5.9, 462.71 ," 3,843.19 ", 393.85 ,4.73
10/1/1994,149.4,0.1%,1.5%,3.0%,157.8,0.2%,1.5%,3.0%,4.5319,5.8, 472.35 ," 3,908.12 ", 413.05 ,4.76
11/1/1994,149.8,0.3%,1.6%,3.1%,158.2,0.3%,1.5%,3.0%,3.961033333,5.6, 453.69 ," 3,739.22 ", 404.82 ,5.29
12/1/1994,150.1,0.2%,1.5%,3.0%,158.3,0.1%,1.2%,2.4%,3.390166667,5.5, 461.17 ," 3,834.44 ", 404.27 ,5.45
1/1/1995,150.5,0.3%,1.4%,2.8%,159,0.4%,1.5%,2.9%,2.8193,5.6, 470.42 ," 3,843.86 ", 405.33 ,5.53
2/1/1995,150.9,0.3%,1.3%,2.6%,159.4,0.3%,1.5%,2.9%,2.055366667,5.4, 487.39 ," 4,011.05 ", 432.50 ,5.92
3/1/1995,151.2,0.2%,1.3%,2.5%,159.9,0.3%,1.5%,3.0%,1.291433333,5.4, 500.71 ," 4,157.69 ", 447.15 ,5.98
4/1/1995,151.8,0.4%,1.6%,3.2%,160.4,0.3%,1.6%,3.3%,0.5275,5.8, 514.71 ," 4,321.27 ", 469.56 ,6.05
5/1/1995,152.1,0.2%,1.5%,3.1%,160.7,0.2%,1.6%,3.2%,1.753266667,5.6, 533.40 ," 4,465.14 ", 488.10 ,6.01
6/1/1995,152.4,0.2%,1.5%,3.1%,161.1,0.2%,1.8%,3.5%,2.979033333,5.6, 544.75 ," 4,556.10 ", 538.03 ,6
7/1/1995,152.6,0.1%,1.4%,2.8%,161.4,0.2%,1.5%,3.0%,4.2048,5.7, 562.06 ," 4,708.47 ", 568.88 ,5.85
8/1/1995,152.9,0.2%,1.3%,2.7%,161.8,0.2%,1.5%,3.0%,3.972216667,5.7, 561.88 ," 4,610.56 ", 576.77 ,5.74
9/1/1995,153.1,0.1%,1.3%,2.5%,162.2,0.2%,1.4%,2.9%,3.739633333,5.6, 584.41 ," 4,789.08 ", 585.08 ,5.8
10/1/1995,153.5,0.3%,1.1%,2.2%,162.7,0.3%,1.4%,2.9%,3.50705,5.5, 581.50 ," 4,755.48 ", 598.78 ,5.76
11/1/1995,153.7,0.1%,1.1%,2.1%,163,0.2%,1.4%,2.9%,3.274466667,5.6, 605.37 ," 5,074.50 ", 593.72 ,5.8
12/1/1995,153.9,0.1%,1.0%,2.0%,163.1,0.1%,1.2%,2.5%,3.041883333,5.6, 615.93 ," 5,117.10 ", 576.23 ,5.6
1/1/1996,154.7,0.5%,1.4%,2.8%,163.7,0.4%,1.4%,2.9%,2.8093,5.6, 636.02 ," 5,395.30 ", 591.82 ,5.56
2/1/1996,155,0.2%,1.4%,2.7%,164,0.2%,1.4%,2.7%,3.279933333,5.5, 640.43 ," 5,485.60 ", 622.83 ,5.22
3/1/1996,155.5,0.3%,1.6%,3.1%,164.4,0.2%,1.4%,2.7%,3.750566667,5.5, 645.50 ," 5,587.14 ", 609.69 ,5.31
4/1/1996,156.1,0.4%,1.7%,3.4%,164.6,0.1%,1.2%,2.3%,4.2212,5.6, 654.17 ," 5,569.08 ", 666.73 ,5.22
5/1/1996,156.4,0.2%,1.8%,3.5%,165,0.2%,1.2%,2.5%,3.537633333,5.6, 669.12 ," 5,643.18 ", 692.39 ,5.24
6/1/1996,156.7,0.2%,1.8%,3.6%,165.4,0.2%,1.4%,2.8%,2.854066667,5.3, 670.63 ," 5,654.63 ", 677.30 ,5.27
7/1/1996,157,0.2%,1.5%,3.0%,165.7,0.2%,1.2%,2.4%,2.1705,5.5, 639.95 ," 5,528.91 ", 636.01 ,5.4
8/1/1996,157.2,0.1%,1.4%,2.8%,166,0.2%,1.2%,2.4%,3.0194,5.1, 651.99 ," 5,616.21 ", 663.57 ,5.22
9/1/1996,157.7,0.3%,1.4%,2.8%,166.5,0.3%,1.3%,2.6%,3.8683,5.2, 687.33 ," 5,882.17 ", 737.58 ,5.3
10/1/1996,158.2,0.3%,1.3%,2.7%,166.8,0.2%,1.3%,2.7%,4.7172,5.2, 705.27 ," 6,029.38 ", 751.99 ,5.24
11/1/1996,158.7,0.3%,1.5%,2.9%,167.2,0.2%,1.3%,2.7%,5.015133333,5.4, 757.02 ," 6,521.70 ", 834.01 ,5.31
12/1/1996,159.1,0.3%,1.5%,3.1%,167.4,0.1%,1.2%,2.4%,5.313066667,5.4, 740.74 ," 6,448.27 ", 821.36 ,5.29
1/1/1997,159.4,0.2%,1.5%,3.1%,167.8,0.2%,1.3%,2.5%,5.611,5.3, 786.16 ," 6,813.09 ", 921.55 ,5.25
2/1/1997,159.7,0.2%,1.6%,3.2%,168.1,0.2%,1.3%,2.5%,4.461766667,5.2, 790.82 ," 6,877.74 ", 850.46 ,5.19
3/1/1997,159.8,0.1%,1.3%,2.7%,168.4,0.2%,1.1%,2.3%,3.312533333,5.2, 757.12 ," 6,583.48 ", 797.06 ,5.39
4/1/1997,159.9,0.1%,1.1%,2.1%,168.9,0.3%,1.3%,2.5%,2.1633,5.1, 801.34 ," 7,008.99 ", 874.74 ,5.51
5/1/1997,159.9,0.0%,0.8%,1.5%,169.2,0.2%,1.2%,2.4%,2.615733333,4.9, 848.28 ," 7,331.04 ", 958.85 ,5.5
6/1/1997,160.2,0.2%,0.7%,1.4%,169.4,0.1%,1.2%,2.4%,3.068166667,5, 885.14 ," 7,672.79 ", 957.30 ,5.56
7/1/1997,160.4,0.1%,0.6%,1.3%,169.7,0.2%,1.1%,2.3%,3.5206,4.9, 954.31 ," 8,222.61 "," 1,107.03 ",5.52
8/1/1997,160.8,0.2%,0.7%,1.4%,169.8,0.1%,1.0%,2.0%,3.779833333,4.8, 899.47 ," 7,622.42 "," 1,074.17 ",5.54
9/1/1997,161.2,0.2%,0.9%,1.8%,170.2,0.2%,1.1%,2.1%,4.039066667,4.9, 947.28 ," 7,945.26 "," 1,097.17 ",5.54
10/1/1997,161.5,0.2%,1.0%,2.0%,170.6,0.2%,1.0%,2.0%,4.2983,4.7, 914.62 ," 7,442.08 "," 1,019.62 ",5.5
11/1/1997,161.7,0.1%,1.1%,2.3%,170.8,0.1%,0.9%,1.9%,4.279433333,4.6, 955.40 ," 7,823.13 "," 1,050.51 ",5.52
12/1/1997,161.8,0.1%,1.0%,2.0%,171.2,0.2%,1.1%,2.1%,4.260566667,4.7, 970.43 ," 7,908.25 ", 990.80 ,5.5
1/1/1998,162,0.1%,1.0%,2.0%,171.6,0.2%,1.1%,2.2%,4.2417,4.6, 980.28 ," 7,906.50 "," 1,071.13 ",5.56
2/1/1998,162,0.0%,0.7%,1.5%,171.9,0.2%,1.2%,2.5%,3.300066667,4.6," 1,049.34 "," 8,545.72 "," 1,194.13 ",5.51
3/1/1998,162,0.0%,0.5%,1.0%,172.2,0.2%,1.2%,2.4%,2.358433333,4.7," 1,101.75 "," 8,799.81 "," 1,220.66 ",5.49
4/1/1998,162.2,0.1%,0.4%,0.9%,172.5,0.2%,1.1%,2.2%,1.4168,4.3," 1,111.77 "," 9,063.37 "," 1,248.12 ",5.45
5/1/1998,162.6,0.2%,0.6%,1.1%,172.9,0.2%,1.2%,2.5%,2.040666667,4.4," 1,090.82 "," 8,899.95 "," 1,192.07 ",5.49
6/1/1998,162.8,0.1%,0.6%,1.2%,173.2,0.2%,1.2%,2.3%,2.664533333,4.5," 1,133.84 "," 8,952.02 "," 1,337.34 ",5.56
7/1/1998,163.2,0.2%,0.7%,1.5%,173.5,0.2%,1.1%,2.2%,3.2884,4.5," 1,120.67 "," 8,883.29 "," 1,377.26 ",5.54
8/1/1998,163.4,0.1%,0.9%,1.7%,174,0.3%,1.2%,2.4%,4.053866667,4.5, 957.53 ," 7,539.07 "," 1,140.34 ",5.55
9/1/1998,163.5,0.1%,0.9%,1.9%,174.2,0.1%,1.2%,2.3%,4.819333333,4.6," 1,017.05 "," 7,842.62 "," 1,345.48 ",5.51
10/1/1998,163.9,0.2%,1.0%,2.1%,174.4,0.1%,1.1%,2.2%,5.5848,4.5," 1,098.67 "," 8,592.10 "," 1,400.52 ",5.07
11/1/1998,164.1,0.1%,0.9%,1.8%,174.8,0.2%,1.1%,2.2%,5.220433333,4.4," 1,163.63 "," 9,124.28 "," 1,557.90 ",4.83
12/1/1998,164.4,0.2%,1.0%,2.0%,175.4,0.3%,1.3%,2.5%,4.856066667,4.4," 1,229.23 "," 9,201.26 "," 1,836.01 ",4.68
1/1/1999,164.7,0.2%,0.9%,1.8%,175.6,0.1%,1.2%,2.4%,4.4917,4.3," 1,279.64 "," 9,358.83 "," 2,127.19 ",4.63
2/1/1999,164.7,0.0%,0.8%,1.6%,175.6,0.0%,0.9%,1.8%,3.756966667,4.4," 1,238.33 "," 9,306.58 "," 1,925.28 ",4.76
3/1/1999,164.8,0.1%,0.8%,1.6%,175.7,0.1%,0.9%,1.7%,3.022233333,4.2," 1,286.42 "," 9,786.16 "," 2,106.39 ",4.81
4/1/1999,165.9,0.7%,1.2%,2.4%,176.3,0.3%,1.1%,2.2%,2.2875,4.3," 1,335.18 "," 10,789.04 "," 2,136.39 ",4.74
5/1/1999,166,0.1%,1.2%,2.3%,176.5,0.1%,1.0%,1.9%,3.1329,4.2," 1,301.84 "," 10,559.74 "," 2,089.70 ",4.74
6/1/1999,166,0.0%,1.0%,1.9%,176.6,0.1%,0.7%,1.4%,3.9783,4.3," 1,372.66 "," 10,970.80 "," 2,296.77 ",4.76
7/1/1999,166.7,0.4%,1.2%,2.4%,177.1,0.3%,0.9%,1.7%,4.8237,4.3," 1,328.72 "," 10,655.15 "," 2,270.93 ",4.99
8/1/1999,167.1,0.2%,1.5%,2.9%,177.3,0.1%,1.0%,1.9%,5.148466667,4.2," 1,320.41 "," 10,829.28 "," 2,396.87 ",5.07
9/1/1999,167.8,0.4%,1.8%,3.6%,177.8,0.3%,1.2%,2.4%,5.473233333,4.2," 1,282.71 "," 10,336.95 "," 2,407.90 ",5.22
10/1/1999,168.1,0.2%,1.3%,2.7%,178.1,0.2%,1.0%,2.0%,5.798,4.1," 1,362.93 "," 10,731.76 "," 2,637.44 ",5.2
11/1/1999,168.4,0.2%,1.4%,2.9%,178.4,0.2%,1.1%,2.2%,5.662166667,4.1," 1,388.95 "," 10,877.81 "," 2,966.71 ",5.42
12/1/1999,168.8,0.2%,1.7%,3.4%,178.7,0.2%,1.2%,2.4%,5.526333333,4," 1,469.25 "," 11,497.12 "," 3,707.83 ",5.3
1/1/2000,169.3,0.3%,1.6%,3.1%,179.3,0.3%,1.2%,2.5%,5.3905,4," 1,394.46 "," 10,940.53 "," 3,570.05 ",5.45
2/1/2000,170,0.4%,1.7%,3.5%,179.4,0.1%,1.2%,2.4%,5.3235,4.1," 1,359.78 "," 10,128.31 "," 4,266.94 ",5.73
3/1/2000,171,0.6%,1.9%,3.8%,180,0.3%,1.2%,2.5%,5.2565,4," 1,498.58 "," 10,921.92 "," 4,397.84 ",5.85
4/1/2000,170.9,-0.1%,1.7%,3.3%,180.3,0.2%,1.2%,2.5%,5.1895,3.8," 1,456.04 "," 10,733.91 "," 3,773.18 ",6.02
5/1/2000,171.2,0.2%,1.7%,3.3%,180.7,0.2%,1.3%,2.6%,4.374633333,4," 1,420.65 "," 10,522.33 "," 3,324.08 ",6.27
6/1/2000,172.2,0.6%,2.0%,4.0%,181.1,0.2%,1.3%,2.7%,3.559766667,4," 1,454.60 "," 10,447.89 "," 3,763.79 ",6.53
7/1/2000,172.7,0.3%,2.0%,4.0%,181.5,0.2%,1.2%,2.5%,2.7449,4," 1,430.84 "," 10,521.98 "," 3,609.35 ",6.54
8/1/2000,172.7,0.0%,1.6%,3.2%,181.9,0.2%,1.4%,2.8%,2.287633333,4.1," 1,517.59 "," 11,215.10 "," 4,077.59 ",6.5
9/1/2000,173.6,0.5%,1.5%,3.0%,182.3,0.2%,1.3%,2.6%,1.830366667,3.9," 1,436.48 "," 10,650.92 "," 3,570.61 ",6.52
10/1/2000,173.9,0.2%,1.8%,3.5%,182.6,0.2%,1.3%,2.6%,1.3731,3.9," 1,429.39 "," 10,971.14 "," 3,282.30 ",6.51
11/1/2000,174.2,0.2%,1.8%,3.5%,183.1,0.3%,1.3%,2.7%,1.576,3.9," 1,314.95 "," 10,414.49 "," 2,506.54 ",6.51
12/1/2000,174.6,0.2%,1.4%,2.8%,183.3,0.1%,1.2%,2.4%,1.7789,3.9," 1,320.50 "," 10,787.99 "," 2,341.70 ",6.4
1/1/2001,175.6,0.6%,1.7%,3.4%,183.9,0.3%,1.3%,2.6%,1.9818,4.2," 1,366.01 "," 10,887.36 "," 2,593.00 ",5.98
2/1/2001,176,0.2%,1.9%,3.8%,184.4,0.3%,1.4%,2.7%,1.566133333,4.2," 1,239.94 "," 10,495.28 "," 1,908.32 ",5.49
3/1/2001,176.1,0.1%,1.4%,2.9%,184.7,0.2%,1.3%,2.6%,1.150466667,4.3," 1,160.34 "," 9,878.78 "," 1,573.25 ",5.31
4/1/2001,176.4,0.2%,1.4%,2.9%,185.1,0.2%,1.4%,2.7%,0.7348,4.4," 1,249.48 "," 10,734.97 "," 1,855.15 ",4.8
5/1/2001,177.3,0.5%,1.8%,3.6%,185.3,0.1%,1.2%,2.4%,0.371566667,4.3," 1,255.84 "," 10,911.94 "," 1,799.89 ",4.21
6/1/2001,177.7,0.2%,1.8%,3.6%,186,0.4%,1.5%,2.9%,0.008333333,4.5," 1,226.99 "," 10,502.40 "," 1,830.19 ",3.97
7/1/2001,177.4,-0.2%,1.0%,2.1%,186.4,0.2%,1.4%,2.7%,-0.3549,4.6," 1,211.22 "," 10,522.81 "," 1,683.61 ",3.77
8/1/2001,177.4,0.0%,0.8%,1.6%,186.7,0.2%,1.2%,2.5%,-0.162066667,4.9," 1,133.58 "," 9,949.75 "," 1,469.70 ",3.65
9/1/2001,178.1,0.4%,1.1%,2.3%,187.1,0.2%,1.3%,2.6%,0.030766667,5," 1,040.90 "," 8,847.56 "," 1,168.37 ",3.07
10/1/2001,177.6,-0.3%,0.7%,1.4%,187.4,0.2%,1.2%,2.5%,0.2236,5.3," 1,059.78 "," 9,075.14 "," 1,364.78 ",2.49
11/1/2001,177.5,-0.1%,0.1%,0.2%,188.1,0.4%,1.5%,3.0%,2.094266667,5.5," 1,139.45 "," 9,851.56 "," 1,596.05 ",2.09
12/1/2001,177.4,-0.1%,-0.2%,-0.3%,188.4,0.2%,1.3%,2.6%,3.964933333,5.7," 1,148.16 "," 10,021.50 "," 1,577.05 ",1.82
1/1/2002,177.7,0.2%,0.2%,0.3%,188.7,0.2%,1.2%,2.5%,5.8356,5.7," 1,130.18 "," 9,920.00 "," 1,550.17 ",1.73
2/1/2002,178,0.2%,0.3%,0.7%,189.1,0.2%,1.3%,2.6%,4.243533333,5.7," 1,106.74 "," 10,106.13 "," 1,359.22 ",1.74
3/1/2002,178.5,0.3%,0.2%,0.4%,189.2,0.1%,1.1%,2.2%,2.651466667,5.7," 1,147.39 "," 10,403.94 "," 1,452.81 ",1.73
4/1/2002,179.3,0.4%,1.0%,1.9%,189.7,0.3%,1.2%,2.5%,1.0594,5.9," 1,076.87 "," 9,946.22 "," 1,277.07 ",1.75
5/1/2002,179.5,0.1%,1.1%,2.3%,190,0.2%,1.0%,2.0%,1.7518,5.8," 1,067.18 "," 9,925.25 "," 1,208.34 ",1.75
6/1/2002,179.6,0.1%,1.2%,2.5%,190.2,0.1%,1.0%,1.9%,2.4442,5.8, 989.44 ," 9,243.26 "," 1,050.30 ",1.75
7/1/2002,180,0.2%,1.3%,2.6%,190.5,0.2%,1.0%,1.9%,3.1366,5.8, 911.62 ," 8,736.59 ", 962.11 ,1.73
8/1/2002,180.5,0.3%,1.4%,2.8%,191.1,0.3%,1.1%,2.1%,2.339133333,5.7, 916.08 ," 8,663.50 ", 942.38 ,1.74
9/1/2002,180.8,0.2%,1.3%,2.6%,191.3,0.1%,1.1%,2.2%,1.541666667,5.7, 815.26 ," 7,591.93 ", 832.52 ,1.75
10/1/2002,181.2,0.2%,1.1%,2.1%,191.5,0.1%,0.9%,1.9%,0.7442,5.7, 885.76 ," 8,397.03 ", 989.54 ,1.75
11/1/2002,181.5,0.2%,1.1%,2.2%,191.9,0.2%,1.0%,2.0%,1.0288,5.9, 936.31 ," 8,896.09 "," 1,116.10 ",1.34
12/1/2002,181.8,0.2%,1.2%,2.4%,192.1,0.1%,1.0%,2.0%,1.3134,6, 879.82 ," 8,341.63 ", 984.36 ,1.24
1/1/2003,182.6,0.4%,1.4%,2.9%,192.4,0.2%,1.0%,2.0%,1.598,5.8, 855.70 ," 8,053.81 ", 983.05 ,1.24
2/1/2003,183.6,0.5%,1.7%,3.4%,192.5,0.1%,0.7%,1.5%,1.855333333,5.9, 841.15 ," 7,891.08 "," 1,009.74 ",1.26
3/1/2003,183.9,0.2%,1.7%,3.4%,192.5,0.0%,0.6%,1.3%,2.112666667,5.9, 848.12 ," 7,992.13 "," 1,018.66 ",1.25
4/1/2003,183.2,-0.4%,1.1%,2.2%,192.5,0.0%,0.5%,1.0%,2.37,6, 916.92 ," 8,480.09 "," 1,106.06 ",1.26
5/1/2003,182.9,-0.2%,0.8%,1.5%,192.9,0.2%,0.5%,1.0%,3.964866667,6.1, 963.59 ," 8,850.26 "," 1,197.89 ",1.26
6/1/2003,183.1,0.1%,0.7%,1.4%,193,0.1%,0.5%,0.9%,5.559733333,6.3, 974.50 ," 8,985.44 "," 1,201.69 ",1.22
7/1/2003,183.7,0.3%,0.6%,1.2%,193.4,0.2%,0.5%,1.0%,7.1546,6.2, 990.31 ," 9,233.80 "," 1,276.94 ",1.01
8/1/2003,184.5,0.4%,0.5%,1.0%,193.6,0.1%,0.6%,1.1%,6.111,6.1," 1,008.03 "," 9,415.82 "," 1,341.20 ",1.03
9/1/2003,185.1,0.3%,0.7%,1.3%,193.7,0.1%,0.6%,1.2%,5.0674,6.1, 995.95 ," 9,275.06 "," 1,303.70 ",1.01
10/1/2003,184.9,-0.1%,0.9%,1.9%,194,0.2%,0.8%,1.6%,4.0238,6," 1,050.71 "," 9,801.12 "," 1,416.39 ",1.01
11/1/2003,185,0.1%,1.1%,2.3%,194,0.0%,0.6%,1.1%,4.0684,5.8," 1,058.20 "," 9,782.46 "," 1,424.25 ",1
12/1/2003,185.5,0.3%,1.3%,2.6%,194.2,0.1%,0.6%,1.2%,4.113,5.7," 1,111.92 "," 10,453.92 "," 1,467.92 ",0.98
1/1/2004,186.3,0.4%,1.4%,2.8%,194.6,0.2%,0.6%,1.2%,4.1576,5.7," 1,131.13 "," 10,488.07 "," 1,493.08 ",1
2/1/2004,186.7,0.2%,1.2%,2.4%,194.9,0.2%,0.7%,1.3%,3.786466667,5.6," 1,144.94 "," 10,583.92 "," 1,470.38 ",1.01
3/1/2004,187.1,0.2%,1.1%,2.2%,195.5,0.3%,0.9%,1.9%,3.415333333,5.8," 1,126.21 "," 10,357.70 "," 1,438.41 ",1
4/1/2004,187.4,0.2%,1.4%,2.7%,195.9,0.2%,1.0%,2.0%,3.0442,5.6," 1,107.24 "," 10,225.57 "," 1,401.36 ",1
5/1/2004,188.2,0.4%,1.7%,3.5%,196.2,0.2%,1.1%,2.3%,3.266566667,5.6," 1,120.64 "," 10,188.45 "," 1,466.22 ",1
6/1/2004,188.9,0.4%,1.8%,3.7%,196.6,0.2%,1.2%,2.5%,3.488933333,5.6," 1,140.75 "," 10,435.48 "," 1,516.64 ",1.03
7/1/2004,189.1,0.1%,1.5%,3.0%,196.8,0.1%,1.1%,2.3%,3.7113,5.5," 1,101.72 "," 10,139.71 "," 1,400.39 ",1.26
8/1/2004,189.2,0.1%,1.3%,2.7%,196.9,0.1%,1.0%,2.1%,3.5233,5.4," 1,104.24 "," 10,173.92 "," 1,368.68 ",1.43
9/1/2004,189.8,0.3%,1.4%,2.9%,197.5,0.3%,1.0%,2.0%,3.3353,5.4," 1,114.58 "," 10,080.27 "," 1,412.74 ",1.61
10/1/2004,190.8,0.5%,1.8%,3.6%,197.9,0.2%,1.0%,2.0%,3.1473,5.5," 1,130.20 "," 10,027.47 "," 1,486.72 ",1.76
11/1/2004,191.7,0.5%,1.9%,3.7%,198.3,0.2%,1.1%,2.1%,3.1274,5.4," 1,173.82 "," 10,428.02 "," 1,571.50 ",1.93
12/1/2004,191.7,0.0%,1.5%,3.0%,198.6,0.2%,1.0%,2.0%,3.1075,5.4," 1,211.92 "," 10,783.01 "," 1,621.12 ",2.16
1/1/2005,191.6,-0.1%,1.3%,2.6%,199,0.2%,1.1%,2.2%,3.0876,5.3," 1,181.27 "," 10,489.94 "," 1,519.63 ",2.28
2/1/2005,192.4,0.4%,1.7%,3.4%,199.4,0.2%,1.3%,2.5%,3.1964,5.4," 1,210.41 "," 10,766.23 "," 1,511.02 ",2.5
3/1/2005,193.1,0.4%,1.7%,3.5%,200.1,0.4%,1.3%,2.6%,3.3052,5.2," 1,180.59 "," 10,503.76 "," 1,482.53 ",2.63
4/1/2005,193.7,0.3%,1.5%,3.0%,200.2,0.0%,1.2%,2.3%,3.414,5.2," 1,156.85 "," 10,192.51 "," 1,420.79 ",2.79
5/1/2005,193.6,-0.1%,1.0%,2.0%,200.5,0.1%,1.1%,2.2%,3.544166667,5.1," 1,191.50 "," 10,467.48 "," 1,542.63 ",3
6/1/2005,193.7,0.1%,1.0%,2.1%,200.6,0.0%,1.0%,2.0%,3.674333333,5," 1,191.33 "," 10,274.97 "," 1,493.52 ",3.04
7/1/2005,194.9,0.6%,1.7%,3.4%,200.9,0.1%,1.0%,1.9%,3.8045,5," 1,234.18 "," 10,640.91 "," 1,605.14 ",3.26
8/1/2005,196.1,0.6%,1.9%,3.8%,201.1,0.1%,0.9%,1.7%,2.909233333,4.9," 1,220.33 "," 10,481.60 "," 1,581.71 ",3.5
9/1/2005,198.8,1.4%,3.0%,5.9%,201.3,0.1%,0.6%,1.2%,2.013966667,5," 1,228.81 "," 10,568.70 "," 1,601.66 ",3.62
10/1/2005,199.1,0.2%,2.8%,5.6%,202,0.3%,0.9%,1.8%,1.1187,5," 1,207.01 "," 10,440.07 "," 1,579.18 ",3.78
11/1/2005,198.1,-0.5%,2.3%,4.6%,202.5,0.2%,1.0%,2.0%,2.351733333,5," 1,249.48 "," 10,805.87 "," 1,672.56 ",4
12/1/2005,198.1,0.0%,2.3%,4.5%,202.8,0.1%,1.1%,2.2%,3.584766667,4.9," 1,248.29 "," 10,717.50 "," 1,645.20 ",4.16
1/1/2006,199.3,0.6%,2.3%,4.5%,203.2,0.2%,1.1%,2.3%,4.8178,4.7," 1,280.08 "," 10,864.86 "," 1,710.75 ",4.29
2/1/2006,199.4,0.1%,1.7%,3.4%,203.6,0.2%,1.2%,2.5%,4.0311,4.8," 1,280.66 "," 10,993.41 "," 1,670.57 ",4.49
3/1/2006,199.7,0.2%,0.5%,0.9%,204.3,0.3%,1.5%,3.0%,3.2444,4.7," 1,294.82 "," 11,109.32 "," 1,703.66 ",4.59
4/1/2006,200.7,0.5%,0.8%,1.6%,204.8,0.2%,1.4%,2.8%,2.4577,4.7," 1,310.61 "," 11,367.14 "," 1,700.71 ",4.79
5/1/2006,201.3,0.3%,1.6%,3.2%,205.4,0.3%,1.4%,2.9%,2.1661,4.6," 1,270.09 "," 11,168.31 "," 1,579.58 ",4.94
6/1/2006,201.8,0.2%,1.9%,3.7%,205.9,0.2%,1.5%,3.1%,1.8745,4.6," 1,270.20 "," 11,150.22 "," 1,575.23 ",4.99
7/1/2006,202.9,0.5%,1.8%,3.6%,206.3,0.2%,1.5%,3.1%,1.5829,4.7," 1,276.66 "," 11,185.68 "," 1,509.43 ",5.24
8/1/2006,203.8,0.4%,2.2%,4.4%,206.8,0.2%,1.6%,3.1%,2.213066667,4.7," 1,303.82 "," 11,381.15 "," 1,579.73 ",5.25
9/1/2006,202.8,-0.5%,1.6%,3.1%,207.2,0.2%,1.4%,2.8%,2.843233333,4.5," 1,335.85 "," 11,679.07 "," 1,654.13 ",5.25
10/1/2006,201.9,-0.4%,0.6%,1.2%,207.6,0.2%,1.4%,2.7%,3.4734,4.4," 1,377.94 "," 12,080.73 "," 1,732.54 ",5.25
11/1/2006,202,0.0%,0.3%,0.7%,207.8,0.1%,1.2%,2.3%,2.735633333,4.5," 1,400.63 "," 12,221.93 "," 1,791.25 ",5.25
12/1/2006,203.1,0.5%,0.6%,1.3%,208.1,0.1%,1.1%,2.1%,1.997866667,4.4," 1,418.30 "," 12,463.15 "," 1,756.90 ",5.24
1/1/2007,203.437,0.2%,0.3%,0.5%,208.6,0.2%,1.1%,2.2%,1.2601,4.6," 1,438.24 "," 12,621.69 "," 1,792.28 ",5.25
2/1/2007,204.226,0.4%,0.2%,0.4%,209.135,0.3%,1.1%,2.3%,1.967466667,4.5," 1,406.82 "," 12,268.63 "," 1,761.65 ",5.26
3/1/2007,205.288,0.5%,1.2%,2.5%,209.418,0.1%,1.1%,2.1%,2.674833333,4.4," 1,420.86 "," 12,354.35 "," 1,772.36 ",5.26
4/1/2007,205.904,0.3%,2.0%,4.0%,209.747,0.2%,1.0%,2.1%,3.3822,4.5," 1,482.37 "," 13,062.91 "," 1,867.75 ",5.25
5/1/2007,206.755,0.4%,2.4%,4.7%,210.058,0.1%,1.1%,2.2%,3.553433333,4.4," 1,530.62 "," 13,627.64 "," 1,928.19 ",5.25
6/1/2007,207.234,0.2%,2.0%,4.1%,210.392,0.2%,1.1%,2.2%,3.724666667,4.6," 1,503.35 "," 13,408.62 "," 1,934.10 ",5.25
7/1/2007,207.603,0.2%,2.0%,4.1%,210.773,0.2%,1.0%,2.1%,3.8959,4.7," 1,455.27 "," 13,211.99 "," 1,932.06 ",5.26
8/1/2007,207.667,0.0%,1.7%,3.4%,211.119,0.2%,0.9%,1.9%,2.809333333,4.6," 1,473.99 "," 13,357.74 "," 1,988.73 ",5.02
9/1/2007,208.547,0.4%,1.6%,3.2%,211.554,0.2%,1.0%,2.0%,1.722766667,4.7," 1,526.75 "," 13,895.63 "," 2,091.11 ",4.94
10/1/2007,209.19,0.3%,1.6%,3.2%,212.077,0.2%,1.1%,2.2%,0.6362,4.7," 1,549.38 "," 13,930.01 "," 2,238.98 ",4.76
11/1/2007,210.834,0.8%,2.0%,3.9%,212.66,0.3%,1.2%,2.5%,0.623266667,4.7," 1,481.14 "," 13,371.72 "," 2,089.10 ",4.49
12/1/2007,211.445,0.3%,2.0%,4.1%,213.168,0.2%,1.3%,2.6%,0.610333333,5," 1,468.36 "," 13,264.82 "," 2,084.93 ",4.24
1/1/2008,212.174,0.3%,2.2%,4.4%,213.771,0.3%,1.4%,2.8%,0.5974,5," 1,378.55 "," 12,650.36 "," 1,841.42 ",3.94
2/1/2008,212.687,0.2%,2.4%,4.8%,213.939,0.1%,1.3%,2.7%,1.0278,4.9," 1,330.63 "," 12,266.39 "," 1,745.27 ",2.98
3/1/2008,213.448,0.4%,2.4%,4.7%,214.42,0.2%,1.4%,2.7%,1.4582,5.1," 1,322.70 "," 12,262.89 "," 1,781.93 ",2.61
4/1/2008,213.942,0.2%,2.3%,4.5%,214.56,0.1%,1.2%,2.3%,1.8886,5," 1,385.59 "," 12,820.13 "," 1,917.70 ",2.28
5/1/2008,215.208,0.6%,2.1%,4.1%,214.936,0.2%,1.1%,2.1%,1.175,5.4," 1,400.38 "," 12,638.32 "," 2,032.57 ",1.98
6/1/2008,217.463,1.0%,2.8%,5.7%,215.424,0.2%,1.1%,2.1%,0.4614,5.6," 1,280.00 "," 11,350.01 "," 1,837.09 ",2
7/1/2008,219.016,0.7%,3.2%,6.4%,215.965,0.3%,1.0%,2.1%,-0.2522,5.8," 1,267.38 "," 11,378.02 "," 1,849.15 ",2.01
8/1/2008,218.69,-0.1%,2.8%,5.6%,216.393,0.2%,1.1%,2.3%,-1.436033333,6.1," 1,282.83 "," 11,543.55 "," 1,872.54 ",2
9/1/2008,218.877,0.1%,2.5%,5.1%,216.713,0.1%,1.1%,2.1%,-2.619866667,6.1," 1,166.36 "," 10,850.66 "," 1,594.63 ",1.81
10/1/2008,216.995,-0.9%,1.4%,2.9%,216.788,0.0%,1.0%,2.1%,-3.8037,6.5, 968.75 ," 9,325.01 "," 1,334.78 ",0.97
11/1/2008,213.153,-1.8%,-1.0%,-1.9%,216.947,0.1%,0.9%,1.9%,-4.5837,6.8, 896.24 ," 8,829.04 "," 1,185.75 ",0.39
12/1/2008,211.398,-0.8%,-2.8%,-5.6%,216.925,0.0%,0.7%,1.4%,-5.3637,7.3, 903.25 ," 8,776.39 "," 1,211.65 ",0.16
1/1/2009,211.933,0.3%,-3.2%,-6.5%,217.346,0.2%,0.6%,1.3%,-6.1437,7.8, 825.88 ," 8,000.86 "," 1,180.25 ",0.15
2/1/2009,212.705,0.4%,-2.7%,-5.5%,217.792,0.2%,0.6%,1.3%,-4.4349,8.3, 735.09 ," 7,062.93 "," 1,116.99 ",0.22
3/1/2009,212.495,-0.1%,-2.9%,-5.8%,218.253,0.2%,0.7%,1.4%,-2.7261,8.7, 797.87 ," 7,608.92 "," 1,237.01 ",0.18
4/1/2009,212.709,0.1%,-2.0%,-4.0%,218.706,0.2%,0.9%,1.8%,-1.0173,9, 872.81 ," 8,168.12 "," 1,394.33 ",0.15
5/1/2009,213.022,0.1%,-0.1%,-0.1%,218.904,0.1%,0.9%,1.8%,0.499766667,9.4, 919.14 ," 8,500.33 "," 1,435.57 ",0.18
6/1/2009,214.79,0.8%,1.6%,3.2%,219.112,0.1%,1.0%,2.0%,2.016833333,9.5, 919.32 ," 8,447.00 "," 1,477.25 ",0.21
7/1/2009,214.726,0.0%,1.3%,2.6%,219.263,0.1%,0.9%,1.8%,3.5339,9.5, 987.48 ," 9,171.61 "," 1,603.36 ",0.16
8/1/2009,215.445,0.3%,1.3%,2.6%,219.496,0.1%,0.8%,1.6%,4.266233333,9.6," 1,020.62 "," 9,496.28 "," 1,625.19 ",0.16
9/1/2009,215.861,0.2%,1.6%,3.2%,219.92,0.2%,0.8%,1.5%,4.998566667,9.8," 1,057.08 "," 9,712.28 "," 1,718.99 ",0.15
10/1/2009,216.509,0.3%,1.8%,3.6%,220.501,0.3%,0.8%,1.6%,5.7309,10," 1,036.19 "," 9,712.73 "," 1,667.13 ",0.12
11/1/2009,217.234,0.3%,2.0%,4.0%,220.666,0.1%,0.8%,1.6%,4.900166667,9.9," 1,095.63 "," 10,344.84 "," 1,767.43 ",0.12
12/1/2009,217.347,0.1%,1.2%,2.4%,220.881,0.1%,0.8%,1.6%,4.069433333,9.9," 1,115.10 "," 10,428.05 "," 1,860.31 ",0.12
1/1/2010,217.488,0.1%,1.3%,2.6%,220.633,-0.1%,0.6%,1.2%,3.2387,9.8," 1,073.87 "," 10,067.33 "," 1,741.04 ",0.11
2/1/2010,217.281,-0.1%,0.9%,1.7%,220.731,0.0%,0.6%,1.1%,2.954666667,9.8," 1,104.49 "," 10,325.26 "," 1,818.68 ",0.13
3/1/2010,217.353,0.0%,0.7%,1.4%,220.783,0.0%,0.4%,0.8%,2.670633333,9.9," 1,169.43 "," 10,856.63 "," 1,958.34 ",0.16
4/1/2010,217.403,0.0%,0.4%,0.8%,220.822,0.0%,0.1%,0.3%,2.3866,9.9," 1,186.68 "," 11,008.61 "," 2,000.63 ",0.2
5/1/2010,217.29,-0.1%,0.0%,0.1%,220.962,0.1%,0.1%,0.3%,2.260966667,9.6," 1,089.41 "," 10,136.63 "," 1,852.39 ",0.2
6/1/2010,217.199,0.0%,-0.1%,-0.1%,221.194,0.1%,0.1%,0.3%,2.135333333,9.4," 1,030.71 "," 9,774.02 "," 1,739.14 ",0.18
7/1/2010,217.605,0.2%,0.1%,0.1%,221.363,0.1%,0.3%,0.7%,2.0097,9.4," 1,101.60 "," 10,465.94 "," 1,864.00 ",0.18
8/1/2010,217.923,0.1%,0.3%,0.6%,221.509,0.1%,0.4%,0.7%,2.397466667,9.5," 1,049.33 "," 10,014.72 "," 1,767.43 ",0.19
9/1/2010,218.275,0.2%,0.4%,0.8%,221.711,0.1%,0.4%,0.8%,2.785233333,9.5," 1,141.20 "," 10,788.05 "," 1,998.04 ",0.19
10/1/2010,219.035,0.3%,0.8%,1.5%,221.83,0.1%,0.5%,0.9%,3.173,9.4," 1,183.26 "," 11,118.49 "," 2,124.45 ",0.19
11/1/2010,219.59,0.3%,1.1%,2.1%,222.149,0.1%,0.5%,1.1%,2.698066667,9.8," 1,180.55 "," 11,006.02 "," 2,117.33 ",0.19
12/1/2010,220.472,0.4%,1.5%,3.0%,222.343,0.1%,0.5%,1.0%,2.223133333,9.3," 1,257.64 "," 11,577.51 "," 2,217.86 ",0.18
1/1/2011,221.187,0.3%,1.6%,3.3%,222.803,0.2%,0.7%,1.3%,1.7482,9.1," 1,286.12 "," 11,891.93 "," 2,281.91 ",0.17
2/1/2011,221.898,0.3%,1.8%,3.6%,223.213,0.2%,0.8%,1.5%,1.592866667,9," 1,327.22 "," 12,226.34 "," 2,350.99 ",0.16
3/1/2011,223.046,0.5%,2.2%,4.4%,223.454,0.1%,0.8%,1.6%,1.437533333,9," 1,325.83 "," 12,319.73 "," 2,338.99 ",0.14
4/1/2011,224.093,0.5%,2.3%,4.6%,223.727,0.1%,0.9%,1.7%,1.2822,9.1," 1,363.61 "," 12,810.54 "," 2,404.08 ",0.1
5/1/2011,224.806,0.3%,2.4%,4.8%,224.175,0.2%,0.9%,1.8%,1.676033333,9," 1,345.20 "," 12,569.79 "," 2,372.54 ",0.09
6/1/2011,224.806,0.0%,2.0%,3.9%,224.697,0.2%,1.1%,2.1%,2.069866667,9.1," 1,320.64 "," 12,414.34 "," 2,325.07 ",0.09
7/1/2011,225.395,0.3%,1.9%,3.8%,225.218,0.2%,1.1%,2.2%,2.4637,9," 1,292.28 "," 12,143.24 "," 2,362.81 ",0.07
8/1/2011,226.106,0.3%,1.9%,3.8%,225.862,0.3%,1.2%,2.4%,2.5599,9," 1,218.89 "," 11,613.53 "," 2,241.01 ",0.1
9/1/2011,226.597,0.2%,1.6%,3.2%,226.118,0.1%,1.2%,2.4%,2.6561,9," 1,131.42 "," 10,913.38 "," 2,139.18 ",0.08
10/1/2011,226.75,0.1%,1.2%,2.4%,226.506,0.2%,1.2%,2.5%,2.7523,8.8," 1,253.30 "," 11,955.01 "," 2,360.08 ",0.07
11/1/2011,227.169,0.2%,1.1%,2.1%,226.899,0.2%,1.2%,2.4%,2.569633333,8.6," 1,246.96 "," 12,045.68 "," 2,295.20 ",0.08
12/1/2011,227.223,0.0%,1.1%,2.2%,227.405,0.2%,1.2%,2.4%,2.386966667,8.5," 1,257.60 "," 12,217.56 "," 2,277.83 ",0.07
1/1/2012,227.842,0.3%,1.1%,2.2%,227.877,0.2%,1.2%,2.4%,2.2043,8.3," 1,312.41 "," 12,632.91 "," 2,467.95 ",0.08
2/1/2012,228.329,0.2%,1.0%,2.0%,228.034,0.1%,1.0%,1.9%,1.981833333,8.3," 1,365.68 "," 12,952.07 "," 2,623.10 ",0.1
3/1/2012,228.807,0.2%,1.0%,2.0%,228.478,0.2%,1.0%,2.1%,1.759366667,8.2," 1,408.47 "," 13,212.04 "," 2,755.27 ",0.13
4/1/2012,229.187,0.2%,1.1%,2.1%,228.905,0.2%,1.1%,2.1%,1.5369,8.2," 1,397.91 "," 13,213.63 "," 2,723.68 ",0.14
5/1/2012,228.713,-0.2%,0.7%,1.4%,229.224,0.1%,1.0%,2.0%,1.695866667,8.2," 1,310.33 "," 12,393.45 "," 2,524.87 ",0.16
6/1/2012,228.524,-0.1%,0.6%,1.1%,229.623,0.2%,1.0%,2.0%,1.854833333,8.2," 1,362.16 "," 12,880.09 "," 2,615.72 ",0.16
7/1/2012,228.59,0.0%,0.3%,0.7%,229.97,0.2%,0.9%,1.8%,2.0138,8.2," 1,379.32 "," 13,008.68 "," 2,642.53 ",0.16
8/1/2012,229.918,0.6%,0.7%,1.4%,230.233,0.1%,1.0%,1.9%,1.2947,8.1," 1,406.58 "," 13,090.84 "," 2,772.24 ",0.13
9/1/2012,231.015,0.5%,1.0%,1.9%,230.659,0.2%,1.0%,1.9%,0.5756,7.8," 1,440.67 "," 13,437.13 "," 2,799.19 ",0.14
10/1/2012,231.638,0.3%,1.1%,2.1%,231.024,0.2%,0.9%,1.9%,-0.1435,7.8," 1,412.16 "," 13,096.46 "," 2,647.92 ",0.16
11/1/2012,231.249,-0.2%,1.1%,2.2%,231.33,0.1%,0.9%,1.8%,0.738466667,7.7," 1,416.18 "," 13,025.58 "," 2,677.88 ",0.16
12/1/2012,231.221,0.0%,1.2%,2.4%,231.725,0.2%,0.9%,1.8%,1.620433333,7.9," 1,426.19 "," 13,104.14 "," 2,660.93 ",0.16
1/1/2013,231.679,0.2%,1.4%,2.7%,232.229,0.2%,1.0%,2.0%,2.5024,8," 1,498.11 "," 13,860.58 "," 2,731.53 ",0.14
2/1/2013,232.937,0.5%,1.3%,2.6%,232.569,0.1%,1.0%,2.0%,2.226166667,7.7," 1,514.68 "," 14,054.49 "," 2,738.58 ",0.15
3/1/2013,232.282,-0.3%,0.5%,1.1%,232.794,0.1%,0.9%,1.9%,1.949933333,7.5," 1,569.19 "," 14,578.54 "," 2,818.69 ",0.14
4/1/2013,231.797,-0.2%,0.1%,0.1%,232.832,0.0%,0.8%,1.6%,1.6737,7.6," 1,597.57 "," 14,839.80 "," 2,887.44 ",0.15
5/1/2013,231.893,0.0%,0.3%,0.6%,232.996,0.1%,0.7%,1.4%,2.064566667,7.5," 1,630.74 "," 15,115.57 "," 2,981.76 ",0.11
6/1/2013,232.445,0.2%,0.5%,1.1%,233.35,0.2%,0.7%,1.4%,2.455433333,7.5," 1,606.28 "," 14,909.60 "," 2,909.60 ",0.09
7/1/2013,232.9,0.2%,0.5%,1.1%,233.88,0.2%,0.7%,1.4%,2.8463,7.3," 1,685.73 "," 15,499.54 "," 3,090.19 ",0.09
8/1/2013,233.456,0.2%,0.2%,0.4%,234.336,0.2%,0.8%,1.5%,2.9735,7.2," 1,632.97 "," 14,810.31 "," 3,073.81 ",0.08
9/1/2013,233.544,0.0%,0.5%,1.1%,234.7,0.2%,0.8%,1.6%,3.1007,7.2," 1,681.55 "," 15,129.67 "," 3,218.20 ",0.08
10/1/2013,233.669,0.1%,0.8%,1.6%,234.921,0.1%,0.9%,1.8%,3.2279,7.2," 1,756.54 "," 15,545.75 "," 3,377.73 ",0.09
11/1/2013,234.1,0.2%,1.0%,1.9%,235.359,0.2%,1.0%,2.0%,2.1879,6.9," 1,805.81 "," 16,086.41 "," 3,487.82 ",0.08
12/1/2013,234.719,0.3%,1.0%,2.0%,235.759,0.2%,1.0%,2.1%,1.1479,6.7," 1,848.36 "," 16,576.66 "," 3,592.00 ",0.09
1/1/2014,235.288,0.2%,1.0%,2.1%,235.961,0.1%,0.9%,1.8%,0.1079,6.6," 1,782.59 "," 15,698.85 "," 3,521.92 ",0.07
2/1/2014,235.547,0.1%,0.9%,1.8%,236.185,0.1%,0.8%,1.6%,1.387966667,6.7," 1,859.45 "," 16,321.71 "," 3,696.10 ",0.07
3/1/2014,236.028,0.2%,1.1%,2.1%,236.625,0.2%,0.8%,1.6%,2.668033333,6.7," 1,872.34 "," 16,457.66 "," 3,595.74 ",0.08
4/1/2014,236.468,0.2%,1.2%,2.4%,237.072,0.2%,0.9%,1.8%,3.9481,6.2," 1,883.95 "," 16,580.84 "," 3,582.02 ",0.09
5/1/2014,236.918,0.2%,1.2%,2.4%,237.529,0.2%,0.9%,1.8%,3.815066667,6.3," 1,923.57 "," 16,717.17 "," 3,736.82 ",0.09
6/1/2014,237.231,0.1%,1.1%,2.1%,237.837,0.1%,0.9%,1.8%,3.682033333,6.1," 1,960.23 "," 16,826.60 "," 3,849.48 ",0.1
7/1/2014,237.498,0.1%,0.9%,1.9%,238.195,0.2%,0.9%,1.9%,3.549,6.2," 1,930.67 "," 16,563.30 "," 3,892.50 ",0.09
8/1/2014,237.46,0.0%,0.8%,1.6%,238.405,0.1%,0.9%,1.9%,3.246733333,6.1," 2,003.37 "," 17,098.45 "," 4,082.56 ",0.09
9/1/2014,237.477,0.0%,0.6%,1.2%,238.786,0.2%,0.9%,1.8%,2.944466667,5.9," 1,972.29 "," 17,042.90 "," 4,049.44 ",0.09
10/1/2014,237.43,0.0%,0.4%,0.8%,239.191,0.2%,0.9%,1.8%,2.6422,5.7," 2,018.05 "," 17,390.52 "," 4,158.21 ",0.09
11/1/2014,236.983,-0.2%,0.0%,0.1%,239.458,0.1%,0.8%,1.6%,1.8442,5.8," 2,067.56 "," 17,828.24 "," 4,337.78 ",0.09
12/1/2014,236.252,-0.3%,-0.4%,-0.8%,239.584,0.1%,0.7%,1.5%,1.0462,5.6," 2,058.90 "," 17,823.07 "," 4,236.28 ",0.12
1/1/2015,234.747,-0.6%,-1.2%,-2.3%,239.811,0.1%,0.7%,1.4%,0.2482,5.7," 1,994.99 "," 17,164.95 "," 4,148.43 ",0.11
2/1/2015,235.342,0.3%,-0.9%,-1.8%,240.172,0.2%,0.7%,1.5%,0.939433333,5.5," 2,104.50 "," 18,132.70 "," 4,440.67 ",0.11
3/1/2015,235.976,0.3%,-0.6%,-1.3%,240.755,0.2%,0.8%,1.6%,1.630666667,5.4," 2,067.89 "," 17,776.12 "," 4,333.69 ",0.11
4/1/2015,236.222,0.1%,-0.5%,-1.0%,241.346,0.2%,0.9%,1.8%,2.3219,5.4," 2,085.51 "," 17,840.52 "," 4,414.25 ",0.12
5/1/2015,237.001,0.3%,0.0%,0.0%,241.688,0.1%,0.9%,1.9%,2.045366667,5.6," 2,107.39 "," 18,010.68 "," 4,508.25 ",0.12
6/1/2015,237.657,0.3%,0.6%,1.2%,242.064,0.2%,1.0%,2.1%,1.768833333,5.3," 2,063.11 "," 17,619.51 "," 4,396.76 ",0.13
7/1/2015,238.034,0.2%,1.4%,2.8%,242.565,0.2%,1.1%,2.3%,1.4923,5.2," 2,103.84 "," 17,689.86 "," 4,588.91 ",0.13
8/1/2015,238.033,0.0%,1.1%,2.3%,242.817,0.1%,1.1%,2.2%,1.225333333,5.1," 1,972.18 "," 16,528.03 "," 4,274.58 ",0.14
9/1/2015,237.498,-0.2%,0.6%,1.3%,243.316,0.2%,1.1%,2.1%,0.958366667,5," 1,920.03 "," 16,284.70 "," 4,181.06 ",0.14
10/1/2015,237.733,0.1%,0.6%,1.3%,243.768,0.2%,1.0%,2.0%,0.6914,5," 2,079.36 "," 17,663.54 "," 4,648.83 ",0.12
11/1/2015,238.017,0.1%,0.4%,0.9%,244.241,0.2%,1.1%,2.1%,0.6402,5.1," 2,080.41 "," 17,719.92 "," 4,664.51 ",0.12
12/1/2015,237.761,-0.1%,0.0%,0.1%,244.547,0.1%,1.0%,2.1%,0.589,5," 2,043.94 "," 17,425.03 "," 4,593.27 ",0.24
1/1/2016,237.652,0.0%,-0.2%,-0.3%,244.955,0.2%,1.0%,2.0%,0.5378,4.8," 1,940.24 "," 16,466.30 "," 4,279.17 ",0.34
2/1/2016,237.336,-0.1%,-0.3%,-0.6%,245.51,0.2%,1.1%,2.2%,0.7646,4.9," 1,932.23 "," 16,516.50 "," 4,201.12 ",0.38
3/1/2016,238.08,0.3%,0.2%,0.5%,245.913,0.2%,1.1%,2.1%,0.9914,5," 2,059.74 "," 17,685.09 "," 4,483.66 ",0.36
4/1/2016,238.992,0.4%,0.5%,1.1%,246.551,0.3%,1.1%,2.3%,1.2182,5.1," 2,065.30 "," 17,773.64 "," 4,341.30 ",0.37
5/1/2016,239.557,0.2%,0.6%,1.3%,247.137,0.2%,1.2%,2.4%,1.779266667,4.8," 2,096.96 "," 17,787.20 "," 4,523.89 ",0.37
6/1/2016,240.222,0.3%,1.0%,2.1%,247.54,0.2%,1.2%,2.4%,2.340333333,4.9," 2,098.86 "," 17,929.99 "," 4,417.70 ",0.38
7/1/2016,240.101,-0.1%,1.0%,2.1%,247.829,0.1%,1.2%,2.3%,2.9014,4.8," 2,173.60 "," 18,432.24 "," 4,730.23 ",0.39
8/1/2016,240.545,0.2%,1.4%,2.7%,248.423,0.2%,1.2%,2.4%,2.558766667,4.9," 2,170.95 "," 18,400.88 "," 4,771.05 ",0.4
9/1/2016,241.176,0.3%,1.3%,2.6%,248.842,0.2%,1.2%,2.4%,2.216133333,5," 2,168.27 "," 18,308.15 "," 4,875.70 ",0.4
10/1/2016,241.741,0.2%,1.2%,2.3%,249.142,0.1%,1.1%,2.1%,1.8735,4.9," 2,126.15 "," 18,142.42 "," 4,801.27 ",0.4
11/1/2016,242.026,0.1%,1.0%,2.1%,249.481,0.1%,0.9%,1.9%,1.480366667,4.7," 2,198.81 "," 19,123.58 "," 4,810.81 ",0.41
12/1/2016,242.637,0.3%,1.0%,2.0%,249.92,0.2%,1.0%,1.9%,1.087233333,4.7," 2,238.83 "," 19,762.60 "," 4,863.62 ",0.54
1/1/2017,243.618,0.4%,1.5%,2.9%,250.467,0.2%,1.1%,2.1%,0.6941,4.7," 2,278.87 "," 19,864.09 "," 5,116.77 ",0.65
2/1/2017,244.006,0.2%,1.4%,2.9%,250.998,0.2%,1.0%,2.1%,1.318833333,4.6," 2,363.64 "," 20,812.24 "," 5,330.31 ",0.66
3/1/2017,243.892,0.0%,1.1%,2.3%,250.944,0.0%,0.8%,1.7%,1.943566667,4.4," 2,362.72 "," 20,663.22 "," 5,436.23 ",0.79
4/1/2017,244.193,0.1%,1.0%,2.0%,251.227,0.1%,0.8%,1.7%,2.5683,4.4," 2,384.20 "," 20,940.51 "," 5,583.53 ",0.9
5/1/2017,244.004,-0.1%,0.8%,1.6%,251.43,0.1%,0.8%,1.6%,2.708033333,4.4," 2,411.80 "," 21,008.65 "," 5,788.80 ",0.91
6/1/2017,244.163,0.1%,0.6%,1.3%,251.746,0.1%,0.7%,1.5%,2.847766667,4.3," 2,423.41 "," 21,349.63 "," 5,646.92 ",1.04
7/1/2017,244.243,0.0%,0.3%,0.5%,251.985,0.1%,0.6%,1.2%,2.9875,4.3," 2,470.30 "," 21,891.12 "," 5,880.33 ",1.15
8/1/2017,245.183,0.4%,0.5%,1.0%,252.535,0.2%,0.6%,1.2%,2.843333333,4.4," 2,471.65 "," 21,948.10 "," 5,988.60 ",1.16
9/1/2017,246.435,0.5%,1.0%,2.1%,252.812,0.1%,0.7%,1.5%,2.699166667,4.3," 2,519.36 "," 22,405.09 "," 5,979.30 ",1.15
10/1/2017,246.626,0.1%,1.0%,2.0%,253.526,0.3%,0.9%,1.8%,2.555,4.2," 2,575.26 "," 23,377.24 "," 6,248.56 ",1.15
11/1/2017,247.284,0.3%,1.3%,2.7%,253.816,0.1%,0.9%,1.9%,2.475866667,4.2," 2,647.58 "," 24,272.35 "," 6,365.56 ",1.16
12/1/2017,247.805,0.2%,1.5%,3.0%,254.344,0.2%,1.0%,2.1%,2.396733333,4.1," 2,673.61 "," 24,719.22 "," 6,396.42 ",1.3
1/1/2018,248.859,0.4%,1.9%,3.8%,255.204,0.3%,1.3%,2.6%,2.3176,4," 2,823.81 "," 26,149.39 "," 6,949.99 ",1.41
2/1/2018,249.529,0.3%,1.8%,3.5%,255.711,0.2%,1.3%,2.5%,2.898233333,4.1," 2,713.83 "," 25,029.20 "," 6,854.42 ",1.42
3/1/2018,249.577,0.0%,1.3%,2.5%,256.271,0.2%,1.4%,2.7%,3.478866667,4," 2,640.87 "," 24,103.11 "," 6,581.13 ",1.51
4/1/2018,250.227,0.3%,1.5%,2.9%,256.63,0.1%,1.2%,2.4%,4.0595,4," 2,648.05 "," 24,163.15 "," 6,605.57 ",1.69
5/1/2018,250.792,0.2%,1.4%,2.8%,257.145,0.2%,1.3%,2.6%,3.873066667,3.8," 2,705.27 "," 24,415.84 "," 6,967.73 ",1.7
6/1/2018,251.018,0.1%,1.3%,2.6%,257.399,0.1%,1.2%,2.4%,3.686633333,4," 2,718.37 "," 24,271.41 "," 7,040.80 ",1.82
7/1/2018,251.214,0.1%,0.9%,1.9%,257.699,0.1%,1.0%,2.0%,3.5002,3.8," 2,816.29 "," 25,415.19 "," 7,231.98 ",1.91
8/1/2018,251.663,0.2%,0.9%,1.7%,257.891,0.1%,0.9%,1.7%,3.196066667,3.8," 2,901.52 "," 25,964.82 "," 7,654.55 ",1.91
9/1/2018,252.182,0.2%,1.0%,2.1%,258.368,0.2%,0.8%,1.6%,2.891933333,3.7," 2,913.98 "," 26,458.31 "," 7,627.65 ",1.95
10/1/2018,252.772,0.2%,1.0%,2.0%,258.917,0.2%,0.9%,1.8%,2.5878,3.8," 2,711.74 "," 25,115.76 "," 6,967.10 ",2.19
11/1/2018,252.594,-0.1%,0.7%,1.4%,259.439,0.2%,0.9%,1.8%,2.782033333,3.8," 2,760.17 "," 25,538.46 "," 6,949.01 ",2.2
12/1/2018,252.767,0.1%,0.7%,1.4%,260.063,0.2%,1.0%,2.1%,2.976266667,3.9," 2,506.85 "," 23,327.46 "," 6,329.96 ",2.27
1/1/2019,252.718,0.0%,0.6%,1.2%,260.686,0.2%,1.2%,2.3%,3.1705,4," 2,704.10 "," 24,999.67 "," 6,906.84 ",2.4
2/1/2019,253.322,0.2%,0.7%,1.3%,261.067,0.1%,1.2%,2.5%,2.798666667,3.8," 2,784.49 "," 25,916.00 "," 7,097.53 ",2.4
3/1/2019,254.202,0.3%,0.8%,1.6%,261.537,0.2%,1.2%,2.5%,2.426833333,3.8," 2,834.40 "," 25,928.68 "," 7,378.77 ",2.41
4/1/2019,255.211,0.4%,1.0%,1.9%,261.976,0.2%,1.2%,2.4%,2.055,3.6," 2,945.83 "," 26,592.91 "," 7,781.46 ",2.42
5/1/2019,255.29,0.0%,1.1%,2.1%,262.304,0.1%,1.1%,2.2%,2.0096,3.7," 2,752.06 "," 24,815.04 "," 7,127.96 ",2.39
6/1/2019,255.159,-0.1%,0.9%,1.9%,262.859,0.2%,1.1%,2.2%,1.9642,3.6," 2,941.76 "," 26,599.96 "," 7,671.07 ",2.38
7/1/2019,255.685,0.2%,1.2%,2.3%,263.313,0.2%,1.0%,2.0%,1.9188,3.7," 2,980.38 "," 26,864.27 "," 7,848.78 ",2.4
8/1/2019,256.059,0.1%,1.1%,2.2%,263.975,0.3%,1.1%,2.2%,1.9728,3.7," 2,926.46 "," 26,403.28 "," 7,691.00 ",2.13
9/1/2019,256.511,0.2%,0.9%,1.8%,264.425,0.2%,1.1%,2.2%,2.0268,3.5," 2,976.74 "," 26,916.83 "," 7,749.45 ",2.04
10/1/2019,257.244,0.3%,0.8%,1.6%,264.94,0.2%,1.1%,2.3%,2.0808,3.6," 3,037.56 "," 27,046.23 "," 8,083.83 ",1.83
11/1/2019,257.803,0.2%,1.0%,2.0%,265.484,0.2%,1.2%,2.4%,-0.2072,3.6," 3,140.98 "," 28,051.41 "," 8,403.68 ",1.55
12/1/2019,258.616,0.3%,1.4%,2.7%,265.924,0.2%,1.2%,2.3%,-2.4952,3.6," 3,230.78 "," 28,538.44 "," 8,733.07 ",1.55
1/1/2020,259.037,0.2%,1.3%,2.6%,266.626,0.3%,1.3%,2.5%,-4.7832,3.5," 3,225.52 "," 28,256.03 "," 8,991.51 ",1.55
2/1/2020,259.248,0.1%,1.2%,2.5%,267.283,0.2%,1.3%,2.5%,-14.15673333,3.5," 2,954.22 "," 25,409.36 "," 8,461.83 ",1.58
3/1/2020,258.124,-0.4%,0.6%,1.3%,267.09,-0.1%,1.0%,2.0%,-23.53026667,4.4," 2,584.59 "," 21,917.16 "," 7,813.50 ",0.65
4/1/2020,256.092,-0.8%,-0.4%,-0.9%,265.771,-0.5%,0.3%,0.6%,-32.9038,14.7," 2,912.43 "," 24,345.72 "," 9,000.51 ",0.05
5/1/2020,255.868,-0.1%,-0.8%,-1.5%,265.574,-0.1%,0.0%,0.1%,-10.90833333,13.2," 3,044.31 "," 25,383.11 "," 9,555.52 ",0.05
6/1/2020,256.986,0.4%,-0.6%,-1.3%,265.952,0.1%,0.0%,0.0%,11.08713333,11," 3,100.29 "," 25,812.88 "," 10,156.85 ",0.08
7/1/2020,258.278,0.5%,-0.3%,-0.6%,267.352,0.5%,0.3%,0.5%,33.0826,10.2," 3,271.12 "," 26,428.32 "," 10,905.88 ",0.09
8/1/2020,259.411,0.4%,0.1%,0.1%,268.469,0.4%,0.4%,0.9%,23.39253333,8.4," 3,500.31 "," 28,430.05 "," 12,110.70 ",0.1
9/1/2020,260.029,0.2%,0.7%,1.5%,268.938,0.2%,0.7%,1.4%,13.70246667,7.9," 3,363.00 "," 27,781.70 "," 11,418.06 ",0.09
10/1/2020,260.286,0.1%,1.6%,3.3%,269.236,0.1%,1.3%,2.6%,4.0124,6.9," 3,269.96 "," 26,501.60 "," 11,052.95 ",0.09
11/1/2020,260.813,0.2%,1.9%,3.9%,269.901,0.2%,1.6%,3.3%,4.804166667,6.7," 3,621.63 "," 29,638.64 "," 12,268.32 ",0.09
12/1/2020,262.035,0.5%,2.0%,3.9%,270.267,0.1%,1.6%,3.2%,5.595933333,6.7," 3,756.08 "," 30,606.48 "," 12,888.28 ",0.09
1/1/2021,262.65,0.2%,1.7%,3.4%,270.383,0.0%,1.1%,2.3%,6.3877,6.3," 3,714.25 "," 29,982.62 "," 12,925.38 ",0.09
2/1/2021,263.638,0.4%,1.6%,3.3%,270.727,0.1%,0.8%,1.7%,6.426,6.2," 3,811.16 "," 30,932.37 "," 12,909.44 ",0.08
3/1/2021,264.914,0.5%,1.9%,3.8%,271.526,0.3%,1.0%,1.9%,6.4643,6.1," 3,972.90 "," 32,981.55 "," 13,091.44 ",0.07
4/1/2021,266.67,0.7%,2.5%,4.9%,273.615,0.8%,1.6%,3.3%,6.5026,6.1," 4,181.18 "," 33,874.85 "," 13,860.76 ",0.07
5/1/2021,268.444,0.7%,2.9%,5.9%,275.654,0.7%,2.1%,4.3%,5.007166667,5.8," 4,204.12 "," 34,529.45 "," 13,686.51 ",0.06
6/1/2021,270.559,0.8%,3.3%,6.5%,277.676,0.7%,2.7%,5.5%,3.511733333,5.9," 4,297.49 "," 34,502.52 "," 14,554.80 ",0.08
7/1/2021,271.764,0.4%,3.5%,6.9%,278.522,0.3%,3.0%,6.0%,2.0163,5.4," 4,395.27 "," 34,935.48 "," 14,959.90 ",0.1
8/1/2021,272.87,0.4%,3.5%,7.0%,279.057,0.2%,3.1%,6.2%,3.640233333,5.2," 4,522.69 "," 35,360.74 "," 15,582.51 ",0.09
9/1/2021,274.028,0.4%,3.4%,6.9%,279.755,0.3%,3.0%,6.1%,5.264166667,4.8," 4,307.53 "," 33,843.93 "," 14,689.62 ",0.08
10/1/2021,276.522,0.9%,3.7%,7.4%,281.588,0.7%,2.9%,5.8%,6.8881,4.5," 4,605.39 "," 35,819.57 "," 15,850.47 ",0.08
11/1/2021,278.711,0.8%,3.8%,7.6%,283.34,0.6%,2.8%,5.6%,4.120666667,4.2," 4,567.01 "," 34,483.73 "," 16,135.92 ",0.08
12/1/2021,280.887,0.8%,3.8%,7.6%,285.193,0.7%,2.7%,5.4%,1.353233333,3.9," 4,766.19 "," 36,338.31 "," 16,320.08 ",0.08
1/1/2022,282.599,0.6%,4.0%,8.0%,286.792,0.6%,3.0%,5.9%,-1.4142,4," 4,515.54 "," 35,131.87 "," 14,930.05 ",0.08
2/1/2022,284.61,0.7%,4.3%,8.6%,288.147,0.5%,3.3%,6.5%,-1.253966667,3.8," 4,373.95 "," 33,892.61 "," 14,237.81 ",0.08
3/1/2022,287.472,1.0%,4.9%,9.8%,289.046,0.3%,3.3%,6.6%,-1.093733333,3.6," 4,530.42 "," 34,678.36 "," 14,838.49 ",0.2
4/1/2022,288.611,0.4%,4.4%,8.7%,290.41,0.5%,3.1%,6.3%,-0.9335,3.6," 4,131.92 "," 32,977.22 "," 12,854.80 ",0.33
5/1/2022,291.268,0.9%,4.5%,9.0%,292.251,0.6%,3.1%,6.3%,0.232866667,3.6," 4,132.16 "," 32,990.13 "," 12,642.10 ",0.77
6/1/2022,294.728,1.2%,4.9%,9.9%,294.017,0.6%,3.1%,6.2%,1.399233333,3.6," 3,785.39 "," 30,775.44 "," 11,503.72 ",1.21
7/1/2022,294.628,0.0%,4.3%,8.5%,294.925,0.3%,2.8%,5.7%,2.5656,3.5," 4,130.29 "," 32,845.14 "," 12,947.97 ",1.68
8/1/2022,295.32,0.2%,3.8%,7.5%,296.639,0.6%,2.9%,5.9%,2.674066667,3.7," 3,954.99 "," 31,510.44 "," 12,272.03 ",2.33
9/1/2022,296.539,0.4%,3.2%,6.3%,298.339,0.6%,3.2%,6.4%,2.782533333,3.5," 3,585.61 "," 28,725.52 "," 10,971.22 ",2.56
10/1/2022,297.987,0.5%,3.2%,6.5%,299.333,0.3%,3.1%,6.1%,2.891,3.7," 3,871.97 "," 32,732.96 "," 11,405.57 ",3.08
11/1/2022,298.598,0.2%,2.5%,5.0%,300.261,0.3%,2.7%,5.5%,2.281533333,3.6," 4,080.11 "," 34,589.77 "," 12,030.06 ",3.78
12/1/2022,298.99,0.1%,1.4%,2.9%,301.46,0.4%,2.5%,5.1%,1.672066667,3.5," 3,839.49 "," 33,147.26 "," 10,939.76 ",4.1
1/1/2023,300.536,0.5%,2.0%,4.0%,302.702,0.4%,2.6%,5.3%,1.0626,3.4," 4,076.59 "," 34,086.05 "," 12,101.93 ",4.33
2/1/2023,301.648,0.4%,2.1%,4.3%,304.07,0.5%,2.5%,5.0%,1.512966667,3.6," 3,970.16 "," 32,656.71 "," 12,042.12 ",4.57
3/1/2023,301.808,0.1%,1.8%,3.6%,305.24,0.4%,2.3%,4.6%,1.963333333,3.5," 4,109.32 "," 33,274.16 "," 13,181.35 ",4.65
4/1/2023,302.918,0.4%,1.7%,3.3%,306.489,0.4%,2.4%,4.8%,2.4137,3.4," 4,169.49 "," 34,098.17 "," 13,245.99 ",4.83
5/1/2023,303.294,0.1%,1.6%,3.1%,307.824,0.4%,2.5%,5.0%,3.235033333,3.7," 4,179.84 "," 32,908.28 "," 14,254.09 ",5.06
6/1/2023,303.841,0.2%,1.6%,3.2%,308.309,0.2%,2.3%,4.5%,4.056366667,3.6," 4,450.37 "," 34,407.61 "," 15,179.21 ",5.08
7/1/2023,304.348,0.2%,1.3%,2.5%,308.801,0.2%,2.0%,4.0%,4.8777,3.5," 4,588.97 "," 35,559.54 "," 15,757.00 ",5.12
8/1/2023,306.269,0.6%,1.5%,3.1%,309.661,0.3%,1.8%,3.7%,4.345133333,3.8," 4,507.67 "," 34,721.92 "," 15,501.07 ",5.33
9/1/2023,307.481,0.4%,1.9%,3.8%,310.661,0.3%,1.8%,3.6%,3.812566667,3.8," 4,288.04 "," 33,507.51 "," 14,715.24 ",5.33
10/1/2023,307.619,0.0%,1.6%,3.1%,311.365,0.2%,1.6%,3.2%,3.28,3.9," 4,193.81 "," 33,052.88 "," 14,409.78 ",5.33
11/1/2023,307.917,0.1%,1.5%,3.0%,312.251,0.3%,1.4%,2.9%,,," 4,567.81 "," 35,950.90 "," 15,947.87 ",5.33
12/1/2023,308.85,0.3%,1.6%,3.3%,313.216,0.3%,1.6%,3.2%,,," 4,769.82 "," 37,689.55 "," 16,825.93 ",5.33
1/1/2024,,,,,,,,,,," 4,845.66 "," 38,150.31 "," 17,137.24 ",5.33
2/1/2024,,,,,,,,,,," 4,931.30 "," 38,293.11 "," 17,531.36 ",
