Date,Raw,Pct,6m_pct_change,annualized_change
01/01/1947,21.48,,,
02/01/1947,21.62,0.006517690875232907,,
03/01/1947,22.0,0.01757631822386685,,
04/01/1947,22.0,0.0,,
05/01/1947,21.95,-0.002272727272727315,,
06/01/1947,22.08,0.005922551252847352,,
07/01/1947,22.23,0.006793478260869623,0.034916201117318434,0.06983240223463687
08/01/1947,22.4,0.007647323436797082,0.036077705827936984,0.07215541165587397
09/01/1947,22.84,0.019642857142857295,0.03818181818181818,0.07636363636363636
10/01/1947,22.91,0.0030647985989491477,0.04136363636363637,0.08272727272727275
11/01/1947,23.06,0.006547359231776406,0.05056947608200453,0.10113895216400906
12/01/1947,23.41,0.015177797051170838,0.0602355072463769,0.1204710144927538
01/01/1948,23.68,0.011533532678342562,0.06522717049032835,0.1304543409806567
02/01/1948,23.67,-0.0004222972972972583,0.05669642857142872,0.11339285714285743
03/01/1948,23.5,-0.007182087029995898,0.02889667250437829,0.05779334500875658
04/01/1948,23.82,0.013617021276595809,0.039720646006110874,0.07944129201222175
05/01/1948,24.01,0.007976490344248521,0.04119687771032103,0.08239375542064206
06/01/1948,24.15,0.005830903790087438,0.031610422896198136,0.06322084579239627
07/01/1948,24.4,0.010351966873705987,0.03040540540540536,0.06081081081081072
08/01/1948,24.43,0.0012295081967212962,0.0321081537811575,0.064216307562315
09/01/1948,24.36,-0.002865329512893977,0.03659574468085104,0.07319148936170208
10/01/1948,24.31,-0.0020525451559935126,0.020570948782535618,0.041141897565071237
11/01/1948,24.16,-0.006170300287947295,0.006247396917950794,0.012494793835901588
12/01/1948,24.05,-0.004552980132450313,-0.0041407867494823135,-0.008281573498964627
01/01/1949,24.01,-0.0016632016632016633,-0.015983606557376927,-0.031967213114753854
02/01/1949,23.91,-0.004164931278633932,-0.02128530495292671,-0.04257060990585342
03/01/1949,23.91,0.0,-0.018472906403940857,-0.036945812807881714
04/01/1949,23.92,0.0004182350480970154,-0.01604278074866298,-0.03208556149732596
05/01/1949,23.91,-0.0004180602006689238,-0.010347682119205299,-0.020695364238410598
06/01/1949,23.92,0.0004182350480970154,-0.005405405405405364,-0.010810810810810728
07/01/1949,23.7,-0.009197324414715768,-0.012911286963765192,-0.025822573927530384
08/01/1949,23.7,0.0,-0.008782936010037677,-0.017565872020075354
09/01/1949,23.75,0.0021097046413502962,-0.006691760769552494,-0.013383521539104989
10/01/1949,23.67,-0.003368421052631465,-0.010451505016722408,-0.020903010033444816
11/01/1949,23.7,0.0012674271229402567,-0.008782936010037677,-0.017565872020075354
12/01/1949,23.61,-0.0037974683544304,-0.01295986622073588,-0.02591973244147176
01/01/1950,23.51,-0.004235493434985083,-0.008016877637130706,-0.016033755274261412
02/01/1950,23.61,0.004253509145044632,-0.003797468354430374,-0.007594936708860748
03/01/1950,23.64,0.0012706480304955914,-0.004631578947368397,-0.009263157894736794
04/01/1950,23.65,0.0004230118443315778,-0.0008449514152937527,-0.0016899028305875053
05/01/1950,23.77,0.0050739957716703366,0.0029535864978903073,0.005907172995780615
06/01/1950,23.88,0.00462768195204033,0.011435832274459956,0.022871664548919913
07/01/1950,24.07,0.007956448911222935,0.02381965121225005,0.0476393024245001
08/01/1950,24.2,0.00540091400083087,0.02498941126641253,0.04997882253282506
09/01/1950,24.34,0.005785123966942196,0.02961082910321486,0.05922165820642972
10/01/1950,24.5,0.006573541495480617,0.03594080338266391,0.07188160676532782
11/01/1950,24.6,0.004081632653061273,0.03491796381994118,0.06983592763988236
12/01/1950,24.98,0.015447154471544655,0.04606365159128984,0.09212730318257968
01/01/1951,25.38,0.01601281024819845,0.05442459493144988,0.10884918986289976
02/01/1951,25.83,0.01773049645390068,0.06735537190082641,0.13471074380165282
03/01/1951,25.88,0.0019357336430507743,0.0632703368940016,0.1265406737880032
04/01/1951,25.92,0.0015455950540959051,0.05795918367346946,0.11591836734693892
05/01/1951,25.99,0.002700617283950546,0.05650406504065028,0.11300813008130056
06/01/1951,25.93,-0.002308580223162715,0.03803042433947155,0.0760608486789431
07/01/1951,25.91,-0.0007713073659852965,0.02088258471237199,0.04176516942474398
08/01/1951,25.86,-0.001929756850636899,0.0011614401858304738,0.0023228803716609475
09/01/1951,26.03,0.006573859242072766,0.0057959814528594335,0.011591962905718867
10/01/1951,26.16,0.0049942374183633564,0.009259259259259198,0.018518518518518396
11/01/1951,26.32,0.006116207951070374,0.012697191227395224,0.02539438245479045
12/01/1951,26.47,0.005699088145896702,0.020825298881604285,0.04165059776320857
01/01/1952,26.45,-0.000755572346052169,0.02084137398687762,0.04168274797375524
02/01/1952,26.41,-0.0015122873345935206,0.021268368136117585,0.04253673627223517
03/01/1952,26.39,-0.0007572889057174681,0.01383019592777562,0.02766039185555124
04/01/1952,26.46,0.0026525198938991412,0.011467889908256907,0.022935779816513815
05/01/1952,26.47,0.00037792894935750887,0.005699088145896603,0.011398176291793205
06/01/1952,26.53,0.002266717038156507,0.0022667170381564894,0.004533434076312979
07/01/1952,26.68,0.005653976630229929,0.00869565217391306,0.01739130434782612
08/01/1952,26.69,0.0003748125937033109,0.01060204468004548,0.02120408936009096
09/01/1952,26.63,-0.0022480329711502822,0.009094353921940069,0.018188707843880138
10/01/1952,26.69,0.0022530980097634767,0.008692365835222994,0.017384731670445987
11/01/1952,26.69,0.0,0.008311295806573572,0.016622591613147143
12/01/1952,26.71,0.0007493443237167607,0.006784771956275903,0.013569543912551807
01/01/1953,26.64,-0.0026207412953950238,-0.0014992503748125618,-0.0029985007496251236
02/01/1953,26.59,-0.0018768768768768762,-0.0037467216185837924,-0.007493443237167585
03/01/1953,26.63,0.00150432493418573,0.0,0.0
04/01/1953,26.69,0.0022530980097634767,0.0,0.0
05/01/1953,26.7,0.00037467216185826935,0.0003746721618582994,0.0007493443237165988
06/01/1953,26.77,0.0026217228464420206,0.0022463496817670806,0.004492699363534161
07/01/1953,26.79,0.0007471049682479247,0.0056306306306305775,0.011261261261261155
08/01/1953,26.85,0.002239641657334923,0.009778112072207655,0.01955622414441531
09/01/1953,26.89,0.0014897579143389184,0.0097634247089749,0.0195268494179498
10/01/1953,26.95,0.002231312755671233,0.009741476208317647,0.019482952416635294
11/01/1953,26.85,-0.0037105751391465214,0.005617977528089967,0.011235955056179935
12/01/1953,26.87,0.0007448789571693482,0.003735524841240247,0.007471049682480494
01/01/1954,26.94,0.002605135839225836,0.005599104143337146,0.011198208286674291
02/01/1954,26.99,0.0018559762435039762,0.005214152700186108,0.010428305400372217
03/01/1954,26.93,-0.0022230455724341347,0.0014875418371141371,0.0029750836742282742
04/01/1954,26.86,-0.0025993316004455647,-0.003339517625231906,-0.006679035250463812
05/01/1954,26.93,0.002606105733432562,0.002979515828677776,0.005959031657355552
06/01/1954,26.94,0.00037133308577796953,0.002605135839225913,0.005210271678451826
07/01/1954,26.86,-0.0029695619896066283,-0.0029695619896066014,-0.005939123979213203
08/01/1954,26.85,-0.00037230081906169943,-0.005187106335679771,-0.010374212671359542
09/01/1954,26.81,-0.0014897579143390294,-0.004455997029335351,-0.008911994058670701
10/01/1954,26.72,-0.0033569563595673424,-0.005212211466865248,-0.010424422933730497
11/01/1954,26.78,0.002245508982035904,-0.005569996286669089,-0.011139992573338179
12/01/1954,26.77,-0.00037341299477222645,-0.0063103192279139455,-0.012620638455827891
01/01/1955,26.77,0.0,-0.003350707371556212,-0.006701414743112424
02/01/1955,26.82,0.0018677624206200338,-0.0011173184357542321,-0.0022346368715084643
03/01/1955,26.79,-0.0011185682326622093,-0.0007459903021260565,-0.001491980604252113
04/01/1955,26.79,0.0,0.002619760479041927,0.005239520958083854
05/01/1955,26.77,-0.000746547219111604,-0.00037341299477227643,-0.0007468259895445529
06/01/1955,26.71,-0.0022413149047441072,-0.0022413149047440686,-0.004482629809488137
07/01/1955,26.76,0.0018719580681392234,-0.0003735524841239451,-0.0007471049682478902
08/01/1955,26.72,-0.001494768310911887,-0.0037285607755406943,-0.007457121551081389
09/01/1955,26.85,0.0048652694610780145,0.0022396416573349114,0.004479283314669823
10/01/1955,26.82,-0.0011173184357542443,0.0011198208286674557,0.0022396416573349114
11/01/1955,26.88,0.0022371364653244186,0.004109077325364192,0.008218154650728384
12/01/1955,26.87,-0.00037202380952372494,0.0059902658180456805,0.011980531636091361
01/01/1956,26.83,-0.0014886490509863348,0.002615844544095543,0.005231689088191086
02/01/1956,26.86,0.001118151323145744,0.005239520958083854,0.010479041916167707
03/01/1956,26.89,0.0011169024571855424,0.001489757914338888,0.002979515828677776
04/01/1956,26.93,0.0014875418371140814,0.004101416853094684,0.008202833706189369
05/01/1956,27.03,0.0037133308577794732,0.005580357142857223,0.011160714285714446
06/01/1956,27.15,0.00443951165371792,0.01042054335690352,0.02084108671380704
07/01/1956,27.29,0.0051565377532227785,0.017144986954901263,0.034289973909802526
08/01/1956,27.31,0.0007328691828507594,0.01675353685778106,0.03350707371556212
09/01/1956,27.35,0.0014646649578908821,0.017106731126812973,0.03421346225362595
10/01/1956,27.51,0.005850091407678226,0.02153731897512075,0.0430746379502415
11/01/1956,27.51,0.0,0.017758046614872378,0.035516093229744757
12/01/1956,27.63,0.004362050163576825,0.01767955801104974,0.03535911602209948
01/01/1957,27.67,0.001447701773434673,0.013924514474166455,0.02784902894833291
02/01/1957,27.8,0.004698229129020515,0.017942145734163382,0.035884291468326765
03/01/1957,27.86,0.0021582733812948174,0.018647166361974332,0.037294332723948664
04/01/1957,27.93,0.002512562814070307,0.015267175572519016,0.03053435114503803
05/01/1957,28.0,0.0025062656641603454,0.01781170483460554,0.03562340966921108
06/01/1957,28.11,0.003928571428571503,0.017372421281216084,0.03474484256243217
07/01/1957,28.19,0.0028459622909997595,0.01879291651608238,0.03758583303216476
08/01/1957,28.28,0.0031926214969848488,0.017266187050359726,0.03453237410071945
09/01/1957,28.32,0.0014144271570013522,0.016511127063890914,0.03302225412778183
10/01/1957,28.32,0.0,0.013963480128893683,0.027926960257787365
11/01/1957,28.41,0.0031779661016948513,0.014642857142857148,0.029285714285714297
12/01/1957,28.47,0.002111932418162654,0.01280683030949838,0.02561366061899676
01/01/1958,28.64,0.005971197752019819,0.015963107484923706,0.03192621496984741
02/01/1958,28.7,0.0020949720670391248,0.014851485148514785,0.02970297029702957
03/01/1958,28.87,0.005923344947735165,0.019420903954802286,0.03884180790960457
04/01/1958,28.94,0.002424662279182588,0.021892655367231673,0.043785310734463345
05/01/1958,28.94,0.0,0.01865540302710317,0.03731080605420634
06/01/1958,28.91,-0.0010366275051831852,0.015454864769933309,0.030909729539866617
07/01/1958,28.89,-0.0006918021445866396,0.008729050279329608,0.017458100558659217
08/01/1958,28.94,0.001730702665282191,0.008362369337979163,0.016724738675958327
09/01/1958,28.91,-0.0010366275051831852,0.0013855213023899946,0.002771042604779989
10/01/1958,28.91,0.0,-0.0010366275051831768,-0.0020732550103663536
11/01/1958,28.95,0.0013836042891732792,0.00034554250172764376,0.0006910850034552875
12/01/1958,28.97,0.000690846286701241,0.0020754064337599005,0.004150812867519801
01/01/1959,29.01,0.001380738695202055,0.0041536863966770855,0.008307372793354171
02/01/1959,29.0,-0.00034470872113068207,0.002073255010366231,0.004146510020732462
03/01/1959,28.97,-0.001034482758620725,0.0020754064337599005,0.004150812867519801
04/01/1959,28.98,0.00034518467380051376,0.0024213075060532784,0.004842615012106557
05/01/1959,29.04,0.0020703933747412417,0.0031088082901554355,0.006217616580310871
06/01/1959,29.11,0.002410468319559156,0.004832585433206785,0.00966517086641357
07/01/1959,29.15,0.0013740982480248132,0.004825922095828921,0.009651844191657842
08/01/1959,29.18,0.0010291595197255976,0.006206896551724128,0.012413793103448256
09/01/1959,29.25,0.002398903358464821,0.00966517086641357,0.01933034173282714
10/01/1959,29.35,0.0034188034188034067,0.012767425810904107,0.025534851621808213
11/01/1959,29.35,0.0,0.010674931129476662,0.021349862258953325
12/01/1959,29.41,0.002044293015332155,0.010305736860185528,0.020611473720371056
01/01/1960,29.37,-0.0013600816048963127,0.007547169811320838,0.015094339622641676
02/01/1960,29.41,0.0013619339462036528,0.007882111034955463,0.015764222069910926
03/01/1960,29.41,0.0,0.005470085470085475,0.01094017094017095
04/01/1960,29.54,0.0044202652159128775,0.006473594548551881,0.012947189097103762
05/01/1960,29.57,0.0010155721056195333,0.007495741056218019,0.014991482112436038
06/01/1960,29.61,0.001352722353736846,0.006800408024481445,0.01360081604896289
07/01/1960,29.55,-0.0020263424518742745,0.006128702757916231,0.012257405515832463
08/01/1960,29.61,0.0020304568527917954,0.006800408024481445,0.01360081604896289
09/01/1960,29.61,0.0,0.006800408024481445,0.01360081604896289
10/01/1960,29.75,0.004728132387706863,0.007109004739336522,0.014218009478673044
11/01/1960,29.78,0.0010084033613446675,0.00710179235711873,0.01420358471423746
12/01/1960,29.81,0.001007387508394908,0.006754474839581199,0.013508949679162397
01/01/1961,29.84,0.0010063737001007045,0.009813874788494048,0.019627749576988096
02/01/1961,29.84,0.0,0.00776764606551842,0.01553529213103684
03/01/1961,29.84,0.0,0.00776764606551842,0.01553529213103684
04/01/1961,29.81,-0.00100536193029499,0.0020168067226890326,0.004033613445378065
05/01/1961,29.84,0.0010063737001007045,0.0020147750167897487,0.0040295500335794975
06/01/1961,29.84,0.0,0.0010063737001006756,0.0020127474002013513
07/01/1961,29.92,0.002680965147453085,0.002680965147453145,0.00536193029490629
08/01/1961,29.94,0.0006684491978610207,0.0033512064343164017,0.006702412868632803
09/01/1961,29.98,0.0013360053440214514,0.004691689008042914,0.009383378016085828
10/01/1961,29.98,0.0,0.005702784300570336,0.011405568601140672
11/01/1961,29.98,0.0,0.004691689008042914,0.009383378016085828
12/01/1961,30.01,0.0010006671114075605,0.005697050938337859,0.011394101876675718
01/01/1962,30.04,0.0009996667777407708,0.00401069518716569,0.00802139037433138
02/01/1962,30.11,0.0023302263648468102,0.005678022712090786,0.011356045424181572
03/01/1962,30.17,0.0019926934573231136,0.006337558372248208,0.012675116744496416
04/01/1962,30.21,0.0013258203513424327,0.00767178118745832,0.01534356237491664
05/01/1962,30.24,0.0009930486593843213,0.008672448298865845,0.01734489659773169
06/01/1962,30.21,-0.0009920634920633775,0.00666444518493833,0.01332889036987666
07/01/1962,30.22,0.00033101621979469975,0.005992010652463373,0.011984021304926746
08/01/1962,30.28,0.0019854401058903015,0.005645964795748977,0.011291929591497954
09/01/1962,30.42,0.004623513870541718,0.008286377195889956,0.016572754391779913
10/01/1962,30.38,-0.0013149243918475495,0.005627275736511028,0.011254551473022055
11/01/1962,30.38,0.0,0.0046296296296296485,0.009259259259259297
12/01/1962,30.38,0.0,0.005627275736511028,0.011254551473022055
01/01/1963,30.44,0.0019749835418039208,0.00727994705493059,0.01455989410986118
02/01/1963,30.48,0.0013140604467805073,0.006605019815059421,0.013210039630118842
03/01/1963,30.51,0.0009842519685039353,0.0029585798816568,0.0059171597633136
04/01/1963,30.48,-0.000983284169124965,0.003291639236339744,0.006583278472679488
05/01/1963,30.51,0.0009842519685039353,0.004279131007241691,0.008558262014483382
06/01/1963,30.61,0.0032776138970829205,0.0075707702435813175,0.015141540487162635
07/01/1963,30.69,0.002613524991832872,0.00821287779237845,0.0164257555847569
08/01/1963,30.75,0.0019550342130987275,0.008858267716535419,0.017716535433070838
09/01/1963,30.72,-0.0009756097560975618,0.0068829891838740505,0.013765978367748101
10/01/1963,30.75,0.0009765625,0.008858267716535419,0.017716535433070838
11/01/1963,30.78,0.0009756097560975618,0.00884955752212388,0.01769911504424776
12/01/1963,30.88,0.0032488628979856493,0.008820646847435465,0.01764129369487093
01/01/1964,30.94,0.0019430051813471572,0.008145975887911371,0.016291951775822742
02/01/1964,30.91,-0.0009696186166774368,0.0052032520325203295,0.010406504065040659
03/01/1964,30.94,0.0009705596894209467,0.007161458333333412,0.014322916666666824
04/01/1964,30.95,0.0003232062055591456,0.006504065040650383,0.013008130081300766
05/01/1964,30.98,0.0009693053311794486,0.006497725795971387,0.012995451591942774
06/01/1964,31.01,0.0009683666881858954,0.004209844559585575,0.00841968911917115
07/01/1964,31.02,0.00032247662044504466,0.0025856496444731187,0.0051712992889462375
08/01/1964,31.05,0.0009671179883945502,0.004529278550630882,0.009058557101261765
09/01/1964,31.08,0.0009661835748790981,0.0045248868778279576,0.009049773755655915
10/01/1964,31.12,0.0012870012870014325,0.0054927302100162105,0.010985460420032421
11/01/1964,31.21,0.002892030848329119,0.007424144609425449,0.014848289218850898
12/01/1964,31.25,0.001281640499839698,0.0077394388906803745,0.015478877781360749
01/01/1965,31.28,0.0009600000000000719,0.008381689232753113,0.016763378465506226
02/01/1965,31.28,0.0,0.007407407407407421,0.014814814814814841
03/01/1965,31.31,0.0009590792838873874,0.007400257400257414,0.014800514800514829
04/01/1965,31.38,0.002235707441711865,0.008354755784061632,0.016709511568123264
05/01/1965,31.48,0.0031867431485022024,0.008651073373918601,0.017302146747837203
06/01/1965,31.61,0.0041296060991105055,0.011519999999999982,0.023039999999999963
07/01/1965,31.58,-0.000949066751028238,0.009590792838874589,0.019181585677749177
08/01/1965,31.55,-0.0009499683343887622,0.008631713554987198,0.017263427109974396
09/01/1965,31.62,0.0022187004754359307,0.009900990099009974,0.019801980198019948
10/01/1965,31.65,0.000948766603415585,0.008604206500956009,0.017208413001912018
11/01/1965,31.75,0.003159557661927437,0.008576874205844968,0.017153748411689936
12/01/1965,31.85,0.0031496062992126816,0.007592534008225308,0.015185068016450616
01/01/1966,31.88,0.0009419152276295417,0.00949968334388856,0.01899936668777712
02/01/1966,32.08,0.006273525721455453,0.016798732171156818,0.033597464342313636
03/01/1966,32.18,0.0031172069825435855,0.017710309930423742,0.035420619860847484
04/01/1966,32.28,0.003107520198881275,0.01990521327014226,0.03981042654028452
05/01/1966,32.35,0.0021685254027261625,0.018897637795275635,0.03779527559055127
06/01/1966,32.38,0.0009273570324574987,0.016640502354788103,0.033281004709576206
07/01/1966,32.45,0.0021618282890674134,0.017879548306148175,0.03575909661229635
08/01/1966,32.65,0.006163328197226425,0.017768079800498764,0.03553615960099753
09/01/1966,32.75,0.003062787136294043,0.017712865133623378,0.035425730267246755
10/01/1966,32.85,0.003053435114503955,0.01765799256505577,0.03531598513011154
11/01/1966,32.88,0.0009132420091324533,0.0163833075734158,0.0327666151468316
12/01/1966,32.92,0.0012165450121655041,0.01667696108709077,0.03335392217418154
01/01/1967,32.9,-0.0006075334143378353,0.013867488443759497,0.027734976887518994
02/01/1967,33.0,0.003039513677811634,0.01071975497702914,0.02143950995405828
03/01/1967,33.0,0.0,0.007633587786259542,0.015267175572519083
04/01/1967,33.1,0.003030303030303161,0.0076103500761035,0.015220700152207
05/01/1967,33.1,0.0,0.006690997566909941,0.013381995133819881
06/01/1967,33.3,0.0060422960725075026,0.011543134872417845,0.02308626974483569
07/01/1967,33.4,0.0030030030030030463,0.015197568389057751,0.030395136778115502
08/01/1967,33.5,0.0029940119760478723,0.015151515151515152,0.030303030303030304
09/01/1967,33.6,0.0029850746268658135,0.018181818181818226,0.03636363636363645
10/01/1967,33.7,0.0029761904761904656,0.018126888217522702,0.036253776435045404
11/01/1967,33.9,0.005934718100890191,0.024169184290030125,0.04833836858006025
12/01/1967,34.0,0.002949852507374784,0.02102102102102111,0.04204204204204222
01/01/1968,34.1,0.002941176470588225,0.020958083832335415,0.04191616766467083
02/01/1968,34.2,0.0029325513196480912,0.020895522388059785,0.04179104477611957
03/01/1968,34.3,0.0029239766081869956,0.020833333333333207,0.041666666666666415
04/01/1968,34.4,0.00291545189504383,0.020771513353115598,0.041543026706231195
05/01/1968,34.5,0.0029069767441860517,0.01769911504424783,0.03539823008849566
06/01/1968,34.7,0.005797101449275477,0.02058823529411773,0.04117647058823546
07/01/1968,34.9,0.0057636887608067955,0.023460410557184667,0.046920821114369335
08/01/1968,35.0,0.002865329512893977,0.02339181286549699,0.04678362573099398
09/01/1968,35.1,0.0028571428571428914,0.02332361516034998,0.04664723032069996
10/01/1968,35.3,0.005698005698005604,0.02616279069767438,0.05232558139534876
11/01/1968,35.4,0.0028328611898016387,0.02608695652173909,0.05217391304347818
12/01/1968,35.6,0.005649717514124353,0.02593659942363108,0.05187319884726216
01/01/1969,35.7,0.002808988764045006,0.022922636103151987,0.04584527220630397
02/01/1969,35.8,0.0028011204481790397,0.022857142857142777,0.045714285714285555
03/01/1969,36.1,0.008379888268156499,0.02849002849002849,0.05698005698005698
04/01/1969,36.3,0.005540166204986097,0.028328611898017,0.056657223796034
05/01/1969,36.4,0.0027548209366392573,0.02824858757062147,0.05649717514124294
06/01/1969,36.6,0.005494505494505475,0.028089887640449437,0.056179775280898875
07/01/1969,36.8,0.005464480874316724,0.030812324929971827,0.061624649859943655
08/01/1969,36.9,0.0027173913043478937,0.030726256983240264,0.06145251396648053
09/01/1969,37.1,0.005420054200542035,0.027700831024930747,0.055401662049861494
10/01/1969,37.3,0.005390835579514697,0.027548209366391185,0.05509641873278237
11/01/1969,37.5,0.00536193029490617,0.03021978021978026,0.06043956043956052
12/01/1969,37.7,0.005333333333333412,0.030054644808743206,0.06010928961748641
01/01/1970,37.9,0.0053050397877982824,0.02989130434782613,0.05978260869565226
02/01/1970,38.1,0.005277044854881341,0.03252032520325211,0.06504065040650422
03/01/1970,38.3,0.005249343832020914,0.03234501347708883,0.06469002695417767
04/01/1970,38.5,0.005221932114882533,0.032171581769437074,0.06434316353887415
05/01/1970,38.6,0.0025974025974027093,0.02933333333333337,0.05866666666666674
06/01/1970,38.8,0.005181347150258864,0.029177718832891095,0.05835543766578219
07/01/1970,38.9,0.002577319587628857,0.026385224274406333,0.052770448548812667
08/01/1970,39.0,0.0025706940874037354,0.02362204724409445,0.0472440944881889
09/01/1970,39.2,0.00512820512820511,0.023498694516971428,0.046997389033942856
10/01/1970,39.4,0.005102040816326481,0.02337662337662334,0.04675324675324668
11/01/1970,39.6,0.005076142131979822,0.025906735751295335,0.05181347150259067
12/01/1970,39.8,0.005050505050504972,0.025773195876288662,0.051546391752577324
01/01/1971,39.9,0.002512562814070307,0.02570694087403599,0.05141388174807198
02/01/1971,39.9,0.0,0.02307692307692304,0.04615384615384608
03/01/1971,40.0,0.0025062656641603454,0.020408163265306048,0.040816326530612096
04/01/1971,40.1,0.0024999999999999467,0.017766497461929008,0.035532994923858016
05/01/1971,40.3,0.004987531172069737,0.01767676767676757,0.03535353535353514
06/01/1971,40.5,0.00496277915632759,0.017587939698492535,0.03517587939698507
07/01/1971,40.6,0.0024691358024691024,0.01754385964912288,0.03508771929824576
08/01/1971,40.7,0.0024630541871921707,0.020050125313283314,0.04010025062656663
09/01/1971,40.8,0.002457002457002311,0.019999999999999928,0.039999999999999855
10/01/1971,40.9,0.002450980392156854,0.019950124688279232,0.039900249376558464
11/01/1971,41.0,0.0024449877750611915,0.017369727047146472,0.034739454094292944
12/01/1971,41.1,0.0024390243902439046,0.01481481481481485,0.0296296296296297
01/01/1972,41.2,0.0024330900243310083,0.014778325123152743,0.029556650246305487
02/01/1972,41.4,0.004854368932038833,0.01719901719901709,0.03439803439803418
03/01/1972,41.4,0.0,0.014705882352941213,0.029411764705882425
04/01/1972,41.5,0.0024154589371980784,0.014669926650366783,0.029339853300733566
05/01/1972,41.6,0.002409638554216942,0.014634146341463448,0.029268292682926897
06/01/1972,41.7,0.0024038461538462563,0.014598540145985436,0.02919708029197087
07/01/1972,41.8,0.0023980815347719453,0.014563106796116367,0.029126213592232733
08/01/1972,41.9,0.0023923444976077235,0.012077294685990338,0.024154589371980676
09/01/1972,42.1,0.004773269689737569,0.01690821256038654,0.03381642512077308
10/01/1972,42.2,0.002375296912114022,0.016867469879518142,0.033734939759036284
11/01/1972,42.4,0.004739336492890933,0.019230769230769162,0.038461538461538325
12/01/1972,42.5,0.002358490566037874,0.019184652278177387,0.038369304556354775
01/01/1973,42.7,0.004705882352941337,0.021531100478469036,0.04306220095693807
02/01/1973,43.0,0.007025761124121788,0.02625298329355612,0.05250596658711224
03/01/1973,43.4,0.009302325581395321,0.030878859857482118,0.061757719714964236
04/01/1973,43.7,0.00691244239631339,0.035545023696682464,0.07109004739336493
05/01/1973,43.9,0.004576659038901587,0.03537735849056604,0.07075471698113207
06/01/1973,44.2,0.006833712984054774,0.04000000000000007,0.08000000000000014
07/01/1973,44.2,0.0,0.0351288056206089,0.0702576112412178
08/01/1973,45.0,0.018099547511312153,0.046511627906976744,0.09302325581395349
09/01/1973,45.2,0.004444444444444473,0.04147465437788028,0.08294930875576056
10/01/1973,45.6,0.008849557522123908,0.04347826086956518,0.08695652173913036
11/01/1973,45.9,0.006578947368421018,0.04555808656036447,0.09111617312072894
12/01/1973,46.3,0.008714596949890963,0.047511312217194436,0.09502262443438887
01/01/1974,46.8,0.010799136069114423,0.05882352941176457,0.11764705882352915
02/01/1974,47.3,0.010683760683760646,0.051111111111111045,0.10222222222222209
03/01/1974,47.8,0.010570824524312794,0.05752212389380518,0.11504424778761035
04/01/1974,48.1,0.006276150627615218,0.05482456140350877,0.10964912280701754
05/01/1974,48.6,0.01039501039501034,0.05882352941176477,0.11764705882352954
06/01/1974,49.0,0.008230452674897082,0.05831533477321821,0.11663066954643642
07/01/1974,49.3,0.006122448979591688,0.05341880341880342,0.10683760683760685
08/01/1974,49.9,0.012170385395537497,0.054968287526427094,0.10993657505285419
09/01/1974,50.6,0.014028056112224574,0.058577405857740676,0.11715481171548135
10/01/1974,51.0,0.007905138339920903,0.06029106029106026,0.12058212058212052
11/01/1974,51.5,0.009803921568627416,0.059670781893004086,0.11934156378600817
12/01/1974,51.9,0.007766990291262044,0.05918367346938773,0.11836734693877546
01/01/1975,52.3,0.007707129094412402,0.06085192697768763,0.12170385395537527
02/01/1975,52.6,0.005736137667304186,0.05410821643286579,0.10821643286573158
03/01/1975,52.8,0.0038022813688212143,0.04347826086956513,0.08695652173913027
04/01/1975,53.0,0.0037878787878788955,0.0392156862745098,0.0784313725490196
05/01/1975,53.1,0.0018867924528302993,0.03106796116504857,0.06213592233009714
06/01/1975,53.5,0.007532956685499137,0.030828516377649353,0.061657032755298706
07/01/1975,54.0,0.009345794392523255,0.03250478011472281,0.06500956022944562
08/01/1975,54.2,0.0037037037037037646,0.03041825095057037,0.06083650190114074
09/01/1975,54.6,0.007380073800737907,0.03409090909090917,0.06818181818181834
10/01/1975,54.9,0.005494505494505475,0.035849056603773556,0.07169811320754711
11/01/1975,55.3,0.007285974499089187,0.04143126177024474,0.08286252354048948
12/01/1975,55.6,0.005424954792043524,0.03925233644859816,0.07850467289719631
01/01/1976,55.8,0.003597122302158251,0.03333333333333328,0.06666666666666655
02/01/1976,55.9,0.0017921146953405742,0.031365313653136453,0.06273062730627291
03/01/1976,56.0,0.0017889087656530744,0.025641025641025616,0.05128205128205123
04/01/1976,56.1,0.0017857142857142794,0.02185792349726781,0.04371584699453562
05/01/1976,56.4,0.005347593582887722,0.01989150090415916,0.03978300180831832
06/01/1976,56.7,0.005319148936170359,0.01978417266187053,0.03956834532374106
07/01/1976,57.0,0.005291005291005346,0.021505376344086075,0.04301075268817215
08/01/1976,57.3,0.0052631578947368585,0.0250447227191413,0.0500894454382826
09/01/1976,57.6,0.00523560209424101,0.0285714285714286,0.0571428571428572
10/01/1976,57.9,0.005208333333333259,0.03208556149732615,0.0641711229946523
11/01/1976,58.1,0.003454231433505983,0.030141843971631256,0.06028368794326251
12/01/1976,58.4,0.005163511187607606,0.02998236331569657,0.05996472663139314
01/01/1977,58.7,0.005136986301369939,0.029824561403508823,0.059649122807017646
02/01/1977,59.3,0.010221465076660996,0.034904013961605584,0.06980802792321117
03/01/1977,59.6,0.005059021922428464,0.034722222222222224,0.06944444444444445
04/01/1977,60.0,0.006711409395973034,0.036269430051813496,0.07253886010362699
05/01/1977,60.2,0.0033333333333334103,0.03614457831325304,0.07228915662650608
06/01/1977,60.5,0.004983388704318914,0.03595890410958907,0.07191780821917813
07/01/1977,60.8,0.0049586776859502635,0.03577512776831336,0.07155025553662672
08/01/1977,61.1,0.00493421052631593,0.030354131534570058,0.060708263069140116
09/01/1977,61.3,0.003273322422258529,0.028523489932885834,0.05704697986577167
10/01/1977,61.6,0.004893964110930016,0.02666666666666669,0.05333333333333338
11/01/1977,62.0,0.006493506493506551,0.029900332225913574,0.05980066445182715
12/01/1977,62.3,0.004838709677419395,0.02975206611570243,0.05950413223140486
01/01/1978,62.7,0.006420545746388617,0.0312500000000001,0.0625000000000002
02/01/1978,63.0,0.004784688995215225,0.031096563011456604,0.06219312602291321
03/01/1978,63.4,0.006349206349206327,0.034257748776508994,0.06851549755301799
04/01/1978,63.9,0.007886435331230235,0.03733766233766229,0.07467532467532458
05/01/1978,64.5,0.009389671361502261,0.04032258064516129,0.08064516129032258
06/01/1978,65.0,0.007751937984496138,0.043338683788122036,0.08667736757624407
07/01/1978,65.5,0.007692307692307665,0.04465709728867619,0.08931419457735237
08/01/1978,65.9,0.006106870229007688,0.046031746031746125,0.09206349206349225
09/01/1978,66.5,0.009104704097116834,0.04889589905362778,0.09779179810725556
10/01/1978,67.1,0.009022556390977376,0.050078247261345785,0.10015649452269157
11/01/1978,67.5,0.005961251862891315,0.046511627906976744,0.09302325581395349
12/01/1978,67.9,0.005925925925926112,0.0446153846153847,0.0892307692307694
01/01/1979,68.5,0.008836524300441795,0.04580152671755725,0.0916030534351145
02/01/1979,69.2,0.010218978102189746,0.05007587253414259,0.10015174506828518
03/01/1979,69.9,0.010115606936416333,0.051127819548872265,0.10225563909774453
04/01/1979,70.6,0.010014306151645114,0.05216095380029807,0.10432190760059613
05/01/1979,71.4,0.011331444759206999,0.057777777777777865,0.11555555555555573
06/01/1979,72.2,0.011204481792717047,0.06332842415316638,0.12665684830633275
07/01/1979,73.0,0.011080332409972193,0.06569343065693431,0.13138686131386862
08/01/1979,73.7,0.009589041095890538,0.06502890173410404,0.13005780346820808
09/01/1979,74.4,0.009497964721845387,0.06437768240343347,0.12875536480686695
10/01/1979,75.2,0.010752688172043001,0.06515580736543922,0.13031161473087843
11/01/1979,76.0,0.010638297872340496,0.06442577030812316,0.12885154061624632
12/01/1979,76.9,0.011842105263157876,0.06509695290858729,0.13019390581717458
01/01/1980,78.0,0.014304291287386084,0.0684931506849315,0.136986301369863
02/01/1980,79.0,0.012820512820512775,0.07191316146540024,0.14382632293080047
03/01/1980,80.1,0.013924050632911245,0.07661290322580629,0.15322580645161257
04/01/1980,80.9,0.00998751560549338,0.07579787234042556,0.15159574468085113
05/01/1980,81.7,0.009888751545117369,0.07500000000000004,0.15000000000000008
06/01/1980,82.5,0.009791921664626724,0.0728218465539661,0.1456436931079322
07/01/1980,82.6,0.00121212121212122,0.058974358974358904,0.11794871794871781
08/01/1980,83.2,0.007263922518159882,0.05316455696202535,0.1063291139240507
09/01/1980,83.9,0.008413461538461675,0.04744069912609253,0.09488139825218506
10/01/1980,84.7,0.009535160905840279,0.046971569839307746,0.09394313967861549
11/01/1980,85.6,0.010625737898465104,0.04773561811505497,0.09547123623010995
12/01/1980,86.4,0.009345794392523477,0.04727272727272734,0.09454545454545468
01/01/1981,87.2,0.0092592592592593,0.05569007263922529,0.11138014527845058
02/01/1981,88.0,0.00917431192660545,0.057692307692307654,0.11538461538461531
03/01/1981,88.6,0.006818181818181834,0.05601907032181154,0.11203814064362308
04/01/1981,89.1,0.0056433408577878375,0.05194805194805185,0.1038961038961037
05/01/1981,89.7,0.006734006734006925,0.047897196261682345,0.09579439252336469
06/01/1981,90.5,0.008918617614269708,0.04745370370370364,0.09490740740740727
07/01/1981,91.5,0.011049723756906049,0.049311926605504555,0.09862385321100911
08/01/1981,92.2,0.007650273224043769,0.04772727272727276,0.09545454545454551
09/01/1981,93.1,0.009761388286333883,0.050790067720090294,0.10158013544018059
10/01/1981,93.4,0.003222341568206444,0.048260381593715054,0.09652076318743011
11/01/1981,93.8,0.004282655246252487,0.0457079152731326,0.0914158305462652
12/01/1981,94.1,0.0031982942430703876,0.03977900552486181,0.07955801104972363
01/01/1982,94.4,0.0031880977683316214,0.03169398907103831,0.06338797814207663
02/01/1982,94.7,0.0031779661016948513,0.027114967462039046,0.05422993492407809
03/01/1982,94.7,0.0,0.017185821697099986,0.03437164339419997
04/01/1982,95.0,0.0031678986272438703,0.017130620985010645,0.03426124197002129
05/01/1982,95.9,0.0094736842105263,0.02238805970149263,0.04477611940298526
06/01/1982,97.0,0.011470281543274119,0.030818278427205165,0.06163655685441033
07/01/1982,97.5,0.005154639175257714,0.0328389830508474,0.0656779661016948
08/01/1982,97.7,0.002051282051282133,0.03167898627243928,0.06335797254487856
09/01/1982,97.7,0.0,0.03167898627243928,0.06335797254487856
10/01/1982,98.1,0.004094165813715467,0.03263157894736836,0.06526315789473672
11/01/1982,98.0,-0.0010193679918449883,0.02189781021897804,0.04379562043795608
12/01/1982,97.7,-0.003061224489795844,0.007216494845360854,0.014432989690721707
01/01/1983,97.9,0.0020470829068577334,0.004102564102564161,0.008205128205128321
02/01/1983,98.0,0.0010214504596526286,0.0030706243602865624,0.006141248720573125
03/01/1983,98.1,0.0010204081632652073,0.004094165813715368,0.008188331627430736
04/01/1983,98.8,0.007135575942915473,0.007135575942915422,0.014271151885830844
05/01/1983,99.2,0.004048582995951566,0.012244897959183702,0.024489795918367405
06/01/1983,99.4,0.002016129032258007,0.017400204708290713,0.034800409416581427
07/01/1983,99.8,0.004024144869215096,0.01940755873340134,0.03881511746680268
08/01/1983,100.1,0.0030060120240480437,0.02142857142857137,0.04285714285714274
09/01/1983,100.4,0.0029970029970030065,0.023445463812436406,0.04689092762487281
10/01/1983,100.8,0.003984063745019917,0.020242914979757085,0.04048582995951417
11/01/1983,101.1,0.0029761904761904656,0.019153225806451527,0.03830645161290305
12/01/1983,101.4,0.0029673590504453173,0.02012072434607646,0.04024144869215292
01/01/1984,102.1,0.006903353057199135,0.02304609218436871,0.04609218436873742
02/01/1984,102.6,0.004897159647404559,0.024975024975024976,0.04995004995004995
03/01/1984,102.9,0.0029239766081872176,0.0249003984063745,0.049800796812749
04/01/1984,103.3,0.0038872691933915515,0.024801587301587304,0.04960317460317461
05/01/1984,103.5,0.0019361084220717029,0.023738872403560887,0.047477744807121774
06/01/1984,103.7,0.0019323671497584183,0.022682445759368806,0.04536489151873761
07/01/1984,104.1,0.0038572806171648377,0.019588638589618023,0.039177277179236046
08/01/1984,104.4,0.0028818443804035088,0.017543859649122917,0.035087719298245834
09/01/1984,104.7,0.002873563218390718,0.017492711370262364,0.03498542274052473
10/01/1984,105.1,0.0038204393505252288,0.017424975798644698,0.034849951597289396
11/01/1984,105.3,0.0019029495718363432,0.01739130434782606,0.03478260869565212
12/01/1984,105.5,0.0018993352326686086,0.017357762777242016,0.03471552555448403
01/01/1985,105.7,0.0018957345971564177,0.015369836695485193,0.030739673390970387
02/01/1985,106.3,0.005676442762535316,0.018199233716475013,0.03639846743295003
03/01/1985,106.8,0.00470366886171214,0.020057306590257826,0.04011461318051565
04/01/1985,107.0,0.0018726591760300781,0.018078020932445347,0.036156041864890694
05/01/1985,107.2,0.0018691588785046953,0.01804368471035143,0.03608736942070286
06/01/1985,107.5,0.002798507462686617,0.018957345971563982,0.037914691943127965
07/01/1985,107.7,0.0018604651162790198,0.01892147587511826,0.03784295175023652
08/01/1985,107.9,0.0018570102135562205,0.015051740357478914,0.030103480714957827
09/01/1985,108.1,0.001853568118628246,0.01217228464419473,0.02434456928838946
10/01/1985,108.5,0.0037002775208141436,0.014018691588785047,0.028037383177570093
11/01/1985,109.0,0.004608294930875667,0.016791044776119375,0.03358208955223875
12/01/1985,109.5,0.004587155963302836,0.018604651162790697,0.037209302325581395
01/01/1986,109.9,0.0036529680365298134,0.020427112349117947,0.040854224698235894
02/01/1986,109.7,-0.0018198362147406888,0.01668211306765521,0.03336422613531042
03/01/1986,109.1,-0.005469462169553352,0.009250693802035153,0.018501387604070305
04/01/1986,108.7,-0.0036663611365719273,0.0018433179723502567,0.0036866359447005133
05/01/1986,109.0,0.002759889604415866,0.0,0.0
06/01/1986,109.4,0.003669724770642313,-0.0009132420091323681,-0.0018264840182647363
07/01/1986,109.5,0.000914076782449591,-0.0036396724294813984,-0.007279344858962797
08/01/1986,109.6,0.0009132420091324533,-0.0009115770282589656,-0.0018231540565179312
09/01/1986,110.0,0.0036496350364965124,0.008249312557286946,0.01649862511457389
10/01/1986,110.2,0.001818181818181941,0.013799448022079117,0.027598896044158234
11/01/1986,110.4,0.001814882032667997,0.01284403669724776,0.02568807339449552
12/01/1986,110.8,0.0036231884057971175,0.012797074954296082,0.025594149908592163
01/01/1987,111.4,0.005415162454873723,0.017351598173516034,0.03470319634703207
02/01/1987,111.8,0.0035906642728904536,0.020072992700729955,0.04014598540145991
03/01/1987,112.2,0.003577817531305927,0.020000000000000025,0.04000000000000005
04/01/1987,112.7,0.004456327985739694,0.022686025408348458,0.045372050816696916
05/01/1987,113.0,0.002661934338952898,0.023550724637681108,0.047101449275362216
06/01/1987,113.5,0.004424778761061843,0.024368231046931435,0.04873646209386287
07/01/1987,113.8,0.002643171806167466,0.02154398563734283,0.04308797127468566
08/01/1987,114.3,0.004393673110720586,0.022361359570661897,0.044722719141323794
09/01/1987,114.7,0.0034995625546807574,0.022281639928698752,0.044563279857397504
10/01/1987,115.0,0.0026155187445509043,0.020408163265306097,0.04081632653061219
11/01/1987,115.4,0.003478260869565375,0.021238938053097397,0.042477876106194794
12/01/1987,115.6,0.0017331022530329143,0.018502202643171758,0.037004405286343516
01/01/1988,116.0,0.0034602076124568004,0.0193321616871705,0.038664323374341
02/01/1988,116.2,0.0017241379310344307,0.01662292213473321,0.03324584426946642
03/01/1988,116.5,0.002581755593803692,0.01569311246730599,0.03138622493461198
04/01/1988,117.2,0.006008583690987113,0.01913043478260872,0.03826086956521744
05/01/1988,117.5,0.0025597269624573205,0.018197573656845704,0.03639514731369141
06/01/1988,118.0,0.004255319148936065,0.020761245674740535,0.04152249134948107
07/01/1988,118.5,0.004237288135593209,0.021551724137931036,0.04310344827586207
08/01/1988,119.0,0.00421940928270037,0.024096385542168648,0.048192771084337296
09/01/1988,119.5,0.004201680672268893,0.02575107296137339,0.05150214592274678
10/01/1988,119.9,0.0033472803347280866,0.023037542662116064,0.04607508532423213
11/01/1988,120.3,0.0033361134278564464,0.02382978723404253,0.04765957446808506
12/01/1988,120.7,0.0033250207813799726,0.022881355932203414,0.04576271186440683
01/01/1989,121.2,0.0041425020712511085,0.022784810126582303,0.045569620253164606
02/01/1989,121.6,0.0033003300330032292,0.021848739495798273,0.043697478991596546
03/01/1989,122.2,0.00493421052631593,0.022594142259414248,0.045188284518828496
04/01/1989,123.1,0.0073649754500817455,0.026688907422852282,0.053377814845704565
05/01/1989,123.7,0.004874086108854758,0.02826267664172906,0.05652535328345812
06/01/1989,124.1,0.003233629749393563,0.02816901408450697,0.05633802816901394
07/01/1989,124.5,0.003223207091055613,0.027227722772277203,0.05445544554455441
08/01/1989,124.5,0.0,0.023848684210526362,0.047697368421052724
09/01/1989,124.8,0.002409638554216942,0.021276595744680805,0.04255319148936161
10/01/1989,125.4,0.004807692307692291,0.018683996750609354,0.03736799350121871
11/01/1989,125.9,0.003987240829345984,0.01778496362166534,0.03556992724333068
12/01/1989,126.3,0.003177124702144596,0.017727639000805824,0.03545527800161165
01/01/1990,127.5,0.009501187648456089,0.024096385542168676,0.04819277108433735
02/01/1990,128.0,0.0039215686274509665,0.028112449799196786,0.05622489959839357
03/01/1990,128.6,0.004687499999999956,0.030448717948717927,0.060897435897435855
04/01/1990,128.9,0.002332814930015692,0.027910685805422646,0.05582137161084529
05/01/1990,129.1,0.0015515903801395226,0.025416997617156382,0.050833995234312764
06/01/1990,129.9,0.006196746707978429,0.028503562945368238,0.057007125890736476
07/01/1990,130.5,0.004618937644341736,0.023529411764705882,0.047058823529411764
08/01/1990,131.6,0.008429118773946254,0.028124999999999956,0.05624999999999991
09/01/1990,132.5,0.006838905775075954,0.030326594090202223,0.060653188180404445
10/01/1990,133.4,0.006792452830188811,0.03491078355314197,0.06982156710628394
11/01/1990,133.7,0.002248875562218755,0.03563129357087525,0.0712625871417505
12/01/1990,134.2,0.0037397157816005944,0.03310238645111611,0.06620477290223221
01/01/1991,134.7,0.0037257824143070994,0.03218390804597693,0.06436781609195386
02/01/1991,134.8,0.0007423904974017681,0.024316109422492533,0.048632218844985066
03/01/1991,134.8,0.0,0.01735849056603782,0.03471698113207564
04/01/1991,135.1,0.002225519287833766,0.01274362818590696,0.02548725637181392
05/01/1991,135.6,0.0037009622501851247,0.014210919970082317,0.028421839940164634
06/01/1991,136.0,0.002949852507374784,0.013412816691505302,0.026825633383010604
07/01/1991,136.2,0.0014705882352941124,0.0111358574610245,0.022271714922049
08/01/1991,136.6,0.002936857562408246,0.01335311572700284,0.02670623145400568
09/01/1991,137.0,0.002928257686676483,0.016320474777447986,0.03264094955489597
10/01/1991,137.2,0.0014598540145984717,0.01554404145077716,0.03108808290155432
11/01/1991,137.8,0.004373177842565745,0.0162241887905606,0.0324483775811212
12/01/1991,138.2,0.002902757619738683,0.01617647058823521,0.03235294117647042
01/01/1992,138.3,0.0007235890014474222,0.01541850220264334,0.03083700440528668
02/01/1992,138.6,0.002169197396963085,0.014641288433382138,0.029282576866764276
03/01/1992,139.1,0.003607503607503615,0.01532846715328463,0.03065693430656926
04/01/1992,139.4,0.0021567217828901697,0.01603498542274065,0.0320699708454813
05/01/1992,139.7,0.002152080344332674,0.013788098693758905,0.02757619738751781
06/01/1992,140.1,0.0028632784538296097,0.013748191027496425,0.02749638205499285
07/01/1992,140.5,0.002855103497501732,0.01590744757772949,0.03181489515545898
08/01/1992,140.8,0.002135231316725994,0.015873015873015997,0.031746031746031994
09/01/1992,141.1,0.0021306818181816567,0.014378145219266714,0.02875629043853343
10/01/1992,141.7,0.00425230333097093,0.0164992826398851,0.0329985652797702
11/01/1992,142.1,0.0028228652081863093,0.017179670722977852,0.034359341445955704
12/01/1992,142.3,0.0014074595355384467,0.015703069236259935,0.03140613847251987
01/01/1993,142.8,0.0035137034434293835,0.016370106761565917,0.032740213523131834
02/01/1993,143.1,0.0021008403361342243,0.01633522727272715,0.0326704545454543
03/01/1993,143.3,0.0013976240391335715,0.015591778880226911,0.031183557760453822
04/01/1993,143.8,0.0034891835310537633,0.014820042342978285,0.02964008468595657
05/01/1993,144.2,0.0027816411682890507,0.01477832512315267,0.02955665024630534
06/01/1993,144.3,0.0006934812760057696,0.014054813773717497,0.028109627547434995
07/01/1993,144.5,0.001386001386001201,0.011904761904761824,0.02380952380952365
08/01/1993,144.8,0.0020761245674740803,0.011879804332634641,0.023759608665269282
09/01/1993,145.0,0.0013812154696131174,0.011863224005582613,0.023726448011165226
10/01/1993,145.6,0.004137931034482678,0.01251738525730169,0.02503477051460338
11/01/1993,146.0,0.0027472527472527375,0.01248266296809994,0.02496532593619988
12/01/1993,146.3,0.00205479452054802,0.01386001386001386,0.02772002772002772
01/01/1994,146.3,0.0,0.012456747404844369,0.024913494809688738
02/01/1994,146.7,0.002734107997265811,0.013121546961325808,0.026243093922651617
03/01/1994,147.1,0.0027266530334015826,0.014482758620689616,0.028965517241379232
04/01/1994,147.2,0.0006798096532969478,0.01098901098901095,0.0219780219780219
05/01/1994,147.5,0.0020380434782609758,0.010273972602739725,0.02054794520547945
06/01/1994,147.9,0.0027118644067796183,0.010936431989063529,0.021872863978127058
07/01/1994,148.4,0.0033806626098715764,0.014354066985645893,0.028708133971291787
08/01/1994,149.0,0.0040431266846361336,0.0156782549420587,0.0313565098841174
09/01/1994,149.3,0.002013422818792021,0.014955812372535807,0.029911624745071613
10/01/1994,149.4,0.0006697923643670389,0.01494565217391316,0.02989130434782632
11/01/1994,149.8,0.0026773761713521083,0.015593220338983128,0.031186440677966255
12/01/1994,150.1,0.0020026702269690944,0.014874915483434675,0.02974983096686935
01/01/1995,150.5,0.0026648900732844094,0.014150943396226376,0.02830188679245275
02/01/1995,150.9,0.0026578073089700283,0.012751677852349031,0.025503355704698062
03/01/1995,151.2,0.001988071570576455,0.012726054922973724,0.025452109845947448
04/01/1995,151.8,0.003968253968254176,0.016064257028112486,0.03212851405622497
05/01/1995,152.1,0.0019762845849802257,0.015353805073431127,0.030707610146862255
06/01/1995,152.4,0.0019723865877712132,0.015323117921385819,0.030646235842771638
07/01/1995,152.6,0.001312335958005173,0.013953488372092985,0.02790697674418597
08/01/1995,152.9,0.001965923984272644,0.013253810470510271,0.026507620941020542
09/01/1995,153.1,0.001308044473512071,0.012566137566137605,0.02513227513227521
10/01/1995,153.5,0.0026126714565644082,0.011198945981554602,0.022397891963109203
11/01/1995,153.7,0.0013029315960910726,0.010519395134779713,0.021038790269559425
12/01/1995,153.9,0.0013012361743658385,0.00984251968503937,0.01968503937007874
01/01/1996,154.7,0.005198180636777128,0.01376146788990822,0.02752293577981644
02/01/1996,155.0,0.0019392372333548735,0.013734466971877007,0.027468933943754013
03/01/1996,155.5,0.003225806451612856,0.01567602873938606,0.03135205747877212
04/01/1996,156.1,0.0038585209003214604,0.01693811074918563,0.03387622149837126
05/01/1996,156.4,0.0019218449711724261,0.017566688353936353,0.035133376707872706
06/01/1996,156.7,0.0019181585677747748,0.018193632228719836,0.03638726445743967
07/01/1996,157.0,0.0019144862795150708,0.014867485455720824,0.029734970911441647
08/01/1996,157.2,0.001273885350318471,0.0141935483870967,0.0283870967741934
09/01/1996,157.7,0.0031806615776082126,0.014147909967845587,0.028295819935691174
10/01/1996,158.2,0.003170577045022105,0.013452914798206242,0.026905829596412485
11/01/1996,158.7,0.003160556257901348,0.014705882352941067,0.029411764705882134
12/01/1996,159.1,0.002520478890989386,0.015315890236120011,0.030631780472240022
01/01/1997,159.4,0.0018856065367693908,0.015286624203821693,0.030573248407643385
02/01/1997,159.7,0.0018820577164364583,0.015903307888040712,0.031806615776081425
03/01/1997,159.8,0.0006261740763933155,0.01331642358909336,0.02663284717818672
04/01/1997,159.9,0.0006257822277846437,0.010745891276864837,0.021491782553729674
05/01/1997,159.9,0.0,0.007561436672967972,0.015122873345935943
06/01/1997,160.2,0.0018761726078797558,0.006913890634820832,0.013827781269641664
07/01/1997,160.4,0.0012484394506866447,0.006273525721455458,0.012547051442910916
08/01/1997,160.8,0.0024937655860348684,0.006887914840325754,0.013775829680651507
09/01/1997,161.2,0.0024875621890545485,0.00876095118898609,0.01752190237797218
10/01/1997,161.5,0.0018610421836229296,0.010006253908692897,0.020012507817385793
11/01/1997,161.7,0.0012383900928791824,0.011257035647279442,0.022514071294558884
12/01/1997,161.8,0.0006184291898578831,0.009987515605493276,0.019975031210986552
01/01/1998,162.0,0.0012360939431395046,0.009975062344139616,0.019950124688279232
02/01/1998,162.0,0.0,0.007462686567164108,0.014925373134328216
03/01/1998,162.0,0.0,0.0049627791563276145,0.009925558312655229
04/01/1998,162.2,0.0012345679012344402,0.004334365325077329,0.008668730650154659
05/01/1998,162.6,0.002466091245376223,0.005565862708719887,0.011131725417439774
06/01/1998,162.8,0.0012300123001232066,0.006180469715698393,0.012360939431396786
07/01/1998,163.2,0.002457002457002311,0.0074074074074073374,0.014814814814814675
08/01/1998,163.4,0.001225490196078427,0.008641975308642011,0.017283950617284022
09/01/1998,163.5,0.000611995104039087,0.009259259259259259,0.018518518518518517
10/01/1998,163.9,0.0024464831804280607,0.010480887792848441,0.020961775585696882
11/01/1998,164.1,0.0012202562538132788,0.00922509225092251,0.01845018450184502
12/01/1998,164.4,0.001828153564899626,0.009828009828009793,0.019656019656019586
01/01/1999,164.7,0.0018248175182480342,0.009191176470588236,0.01838235294117647
02/01/1999,164.7,0.0,0.007955936352509076,0.015911872705018152
03/01/1999,164.8,0.0006071645415908211,0.007951070336391506,0.015902140672783012
04/01/1999,165.9,0.006674757281553312,0.012202562538133007,0.024405125076266014
05/01/1999,166.0,0.0006027727546713546,0.011578305911029894,0.02315661182205979
06/01/1999,166.0,0.0,0.009732360097323567,0.019464720194647133
07/01/1999,166.7,0.004216867469879482,0.012143290831815423,0.024286581663630846
08/01/1999,167.1,0.002399520095980767,0.014571948998178541,0.029143897996357082
09/01/1999,167.8,0.00418910831837227,0.01820388349514563,0.03640776699029126
10/01/1999,168.1,0.0017878426698449967,0.013261000602772686,0.026522001205545372
11/01/1999,168.4,0.0017846519928614857,0.01445783132530124,0.02891566265060248
12/01/1999,168.8,0.002375296912114022,0.016867469879518142,0.033734939759036284
01/01/2000,169.3,0.002962085308056972,0.015596880623875362,0.031193761247750723
02/01/2000,170.0,0.0041346721795627595,0.017354877318970712,0.034709754637941424
03/01/2000,171.0,0.00588235294117645,0.019070321811680502,0.038140643623361004
04/01/2000,170.9,-0.0005847953216373547,0.01665675193337306,0.03331350386674612
05/01/2000,171.2,0.0017554125219425565,0.016627078384798,0.033254156769596
06/01/2000,172.2,0.005841121495327117,0.020142180094786594,0.04028436018957319
07/01/2000,172.7,0.0029036004645761615,0.02008269344359112,0.04016538688718224
08/01/2000,172.7,0.0,0.015882352941176403,0.031764705882352806
09/01/2000,173.6,0.005211349160393786,0.015204678362573066,0.030409356725146133
10/01/2000,173.9,0.001728110599078514,0.017554125219426564,0.03510825043885313
11/01/2000,174.2,0.0017251293847038163,0.01752336448598131,0.03504672897196262
12/01/2000,174.6,0.0022962112514350874,0.013937282229965191,0.027874564459930383
01/01/2001,175.6,0.00572737686139746,0.016792125072379885,0.03358425014475977
02/01/2001,176.0,0.002277904328018332,0.01910828025477714,0.03821656050955428
03/01/2001,176.1,0.0005681818181817455,0.014400921658986175,0.02880184331797235
04/01/2001,176.4,0.0017035775127769437,0.01437607820586544,0.02875215641173088
05/01/2001,177.3,0.005102040816326481,0.017795637198622406,0.03559127439724481
06/01/2001,177.7,0.002256063169768563,0.017754868270332156,0.03550973654066431
07/01/2001,177.4,-0.0016882386043892694,0.010250569476082069,0.020501138952164138
08/01/2001,177.4,0.0,0.007954545454545487,0.015909090909090973
09/01/2001,178.1,0.003945885005636862,0.011357183418512209,0.022714366837024418
10/01/2001,177.6,-0.0028074115665356336,0.00680272108843531,0.01360544217687062
11/01/2001,177.5,-0.0005630630630630851,0.0011280315848843125,0.002256063169768625
12/01/2001,177.4,-0.0005633802816901179,-0.0016882386043893245,-0.003376477208778649
01/01/2002,177.7,0.0016910935738443378,0.0016910935738443233,0.0033821871476886465
02/01/2002,178.0,0.0016882386043894915,0.0033821871476888065,0.006764374295377613
03/01/2002,178.5,0.002808988764045006,0.002245929253228555,0.00449185850645711
04/01/2002,179.3,0.004481792717086819,0.009572072072072169,0.019144144144144337
05/01/2002,179.5,0.001115448968209698,0.011267605633802818,0.022535211267605635
06/01/2002,179.6,0.0005571030640667551,0.01240135287485901,0.02480270574971802
07/01/2002,180.0,0.00222717149220486,0.012943162633652288,0.025886325267304576
08/01/2002,180.5,0.002777777777777768,0.014044943820224719,0.028089887640449437
09/01/2002,180.8,0.0016620498614958734,0.012885154061624713,0.025770308123249427
10/01/2002,181.2,0.0022123893805308104,0.010596765197992065,0.02119353039598413
11/01/2002,181.5,0.0016556291390728006,0.011142061281337047,0.022284122562674095
12/01/2002,181.8,0.0016528925619836432,0.012249443207127043,0.024498886414254087
01/01/2003,182.6,0.004400440044004306,0.014444444444444413,0.028888888888888825
02/01/2003,183.6,0.005476451259583737,0.017174515235457034,0.03434903047091407
03/01/2003,183.9,0.0016339869281045694,0.017146017699115012,0.034292035398230024
04/01/2003,183.2,-0.0038064165307233333,0.011037527593818985,0.02207505518763797
05/01/2003,182.9,-0.0016375545851528006,0.007713498622589563,0.015426997245179127
06/01/2003,183.1,0.0010934937124111865,0.0071507150715070565,0.014301430143014113
07/01/2003,183.7,0.003276897870016393,0.006024096385542138,0.012048192771084276
08/01/2003,184.5,0.004354926510615087,0.004901960784313757,0.009803921568627513
09/01/2003,185.1,0.003252032520325132,0.006525285481239742,0.013050570962479484
10/01/2003,184.9,-0.0010804970286331095,0.009279475982532846,0.01855895196506569
11/01/2003,185.0,0.0005408328826392861,0.011481683980317082,0.022963367960634164
12/01/2003,185.5,0.002702702702702675,0.013107591480065569,0.026215182960131138
01/01/2004,186.3,0.004312668463611891,0.014153511159499308,0.028307022318998617
02/01/2004,186.7,0.0021470746108425143,0.01192411924119235,0.0238482384823847
03/01/2004,187.1,0.002142474558114671,0.010804970286331712,0.021609940572663425
04/01/2004,187.4,0.0016034206306787535,0.01352082206598161,0.02704164413196322
05/01/2004,188.2,0.004268943436499306,0.017297297297297235,0.03459459459459447
06/01/2004,188.9,0.0037194473963868546,0.018328840970350434,0.03665768194070087
07/01/2004,189.1,0.001058761249338236,0.015029522275898995,0.03005904455179799
08/01/2004,189.2,0.0005288207297726721,0.013390465988216391,0.026780931976432783
09/01/2004,189.8,0.003171247357294016,0.014430785676109123,0.028861571352218247
10/01/2004,190.8,0.005268703898840821,0.018143009605122763,0.036286019210245525
11/01/2004,191.7,0.004716981132075304,0.018597236981934114,0.03719447396386823
12/01/2004,191.7,0.0,0.014822657490735748,0.029645314981471497
01/01/2005,191.6,-0.0005216484089722861,0.013220518244315178,0.026441036488630356
02/01/2005,192.4,0.0041753653444676075,0.016913319238900725,0.03382663847780145
03/01/2005,193.1,0.0036382536382535413,0.01738672286617483,0.03477344573234966
04/01/2005,193.7,0.0031071983428274663,0.0151991614255764,0.0303983228511528
05/01/2005,193.6,-0.0005162622612286949,0.009911319770474731,0.019822639540949462
06/01/2005,193.7,0.0005165289256197081,0.010432968179447054,0.020865936358894107
07/01/2005,194.9,0.006195147134744561,0.01722338204592908,0.03444676409185816
08/01/2005,196.1,0.0061570035915854415,0.01923076923076917,0.03846153846153834
09/01/2005,198.8,0.013768485466598701,0.029518384256861818,0.059036768513723636
10/01/2005,199.1,0.0015090543259557165,0.027878162106350055,0.05575632421270011
11/01/2005,198.1,-0.0050226017076845375,0.023243801652892564,0.04648760330578513
12/01/2005,198.1,0.0,0.022715539494063016,0.04543107898812603
01/01/2006,199.3,0.006057546693589266,0.022575679835813267,0.045151359671626534
02/01/2006,199.4,0.0005017561465128217,0.01682814890362066,0.03365629780724132
03/01/2006,199.7,0.0015045135406217547,0.004527162977867089,0.009054325955734178
04/01/2006,200.7,0.005007511266900355,0.0080361627322953,0.0160723254645906
05/01/2006,201.3,0.002989536621823774,0.01615345784957101,0.03230691569914202
06/01/2006,201.8,0.0024838549428713996,0.018677435638566466,0.03735487127713293
07/01/2006,202.9,0.005450941526263575,0.018063221274460584,0.03612644254892117
08/01/2006,203.8,0.004435682602267121,0.02206619859578739,0.04413239719157478
09/01/2006,202.8,-0.004906771344455385,0.015523284927391202,0.031046569854782404
10/01/2006,201.9,-0.004437869822485285,0.00597907324364732,0.01195814648729464
11/01/2006,202.0,0.0004952947003467045,0.003477396920019814,0.006954793840039628
12/01/2006,203.1,0.00544554455445545,0.00644202180376602,0.01288404360753204
01/01/2007,203.437,0.001659281142294633,0.0026466239526860822,0.0052932479053721644
02/01/2007,204.226,0.003878350545869269,0.002090284592737918,0.004180569185475836
03/01/2007,205.288,0.005200121434097538,0.01226824457593688,0.02453648915187376
04/01/2007,205.904,0.003000662483924943,0.019831599801882073,0.039663199603764146
05/01/2007,206.755,0.004132994016629032,0.023539603960396015,0.04707920792079203
06/01/2007,207.234,0.0023167517109623503,0.020354505169867133,0.040709010339734265
07/01/2007,207.603,0.0017805958481715844,0.020478084124323483,0.040956168248646965
08/01/2007,207.667,0.00030828070885302594,0.016848981030818812,0.033697962061637624
09/01/2007,208.547,0.0042375533907650365,0.015875258173882478,0.031750516347764955
10/01/2007,209.19,0.0030832378312801723,0.015958893464915695,0.03191778692983139
11/01/2007,210.834,0.007858884267890387,0.019728664361200493,0.039457328722400986
12/01/2007,211.445,0.002898014551732553,0.0203200247063705,0.040640049412741
01/01/2008,212.174,0.003447705076970342,0.02201798625260713,0.04403597250521426
02/01/2008,212.687,0.0024178268779397882,0.024173315933682337,0.048346631867364674
03/01/2008,213.448,0.003578027806118822,0.023500697684454872,0.047001395368909744
04/01/2008,213.942,0.002314381020201539,0.022716191022515462,0.045432382045030924
05/01/2008,215.208,0.0059174916566171465,0.020746179458721058,0.041492358917442115
06/01/2008,217.463,0.0104782350098509,0.02846130199342619,0.05692260398685238
07/01/2008,219.016,0.007141444751521009,0.03224711793150897,0.06449423586301795
08/01/2008,218.69,-0.0014884757278006422,0.028224574139463086,0.05644914827892617
09/01/2008,218.877,0.0008550916822900323,0.025434766313106715,0.05086953262621343
10/01/2008,216.995,-0.008598436564828615,0.014270222770657455,0.02854044554131491
11/01/2008,213.153,-0.017705477084725474,-0.009548901527824276,-0.019097803055648552
12/01/2008,211.398,-0.008233522399403226,-0.027889801943319085,-0.05577960388663817
01/01/2009,211.933,0.0025307713412614508,-0.03234010300617306,-0.06468020601234611
02/01/2009,212.705,0.003642660652187324,-0.027367506516072913,-0.05473501303214583
03/01/2009,212.495,-0.000987282856538485,-0.029157928882431707,-0.058315857764863414
04/01/2009,212.709,0.0010070825195886979,-0.019751607179888945,-0.03950321435977789
05/01/2009,213.022,0.0014714939189219844,-0.0006145820138585909,-0.0012291640277171819
06/01/2009,214.79,0.008299612246622345,0.01604556334497013,0.03209112668994026
07/01/2009,214.726,-0.00029796545463012247,0.013178693266268143,0.026357386532536286
08/01/2009,215.445,0.0033484533777929926,0.012881690604358058,0.025763381208716116
09/01/2009,215.861,0.0019308872334005134,0.01584037271465204,0.03168074542930408
10/01/2009,216.509,0.003001931798703783,0.017864782402249,0.035729564804498
11/01/2009,217.234,0.0033485905897676638,0.019772605646365248,0.039545211292730496
12/01/2009,217.347,0.0005201763996427466,0.011904651054518444,0.023809302109036888
01/01/2010,217.488,0.0006487322116246474,0.012862904352523684,0.025725808705047367
02/01/2010,217.281,-0.0009517766497462166,0.008521896539720174,0.017043793079440348
03/01/2010,217.353,0.00033136813619227823,0.006911855314299566,0.013823710628599132
04/01/2010,217.403,0.00023004053314190642,0.004129158603106594,0.008258317206213188
05/01/2010,217.29,-0.0005197720362644098,0.0002577865343361682,0.0005155730686723364
06/01/2010,217.199,-0.00041879515854381655,-0.000680938775322393,-0.001361877550644786
07/01/2010,217.605,0.0018692535416828804,0.0005379607150738902,0.0010759214301477803
08/01/2010,217.923,0.0014613634796996067,0.002954699214381358,0.005909398428762716
09/01/2010,218.275,0.001615249422961318,0.004241947431137353,0.008483894862274705
10/01/2010,219.035,0.00348184629481163,0.007506796134367995,0.01501359226873599
11/01/2010,219.59,0.0025338416234848005,0.010584932578581672,0.021169865157163344
12/01/2010,220.472,0.004016576346828282,0.015069130152532912,0.030138260305065823
01/01/2011,221.187,0.003243042200370194,0.016461018818501514,0.03292203763700303
02/01/2011,221.898,0.00321447463006419,0.018240387659861485,0.03648077531972297
03/01/2011,223.046,0.0051735482068338,0.02185774825335007,0.04371549650670014
04/01/2011,224.093,0.0046940989750992035,0.023092199876731997,0.046184399753463994
05/01/2011,224.806,0.003181714734507679,0.023753358531809318,0.047506717063618635
06/01/2011,224.806,0.0,0.019657825029935787,0.039315650059871574
07/01/2011,225.395,0.0026200368317570444,0.019024626221251693,0.03804925244250339
08/01/2011,226.106,0.003154462166418792,0.018963667991599736,0.03792733598319947
09/01/2011,226.597,0.0021715478580843772,0.01592048277037031,0.03184096554074062
10/01/2011,226.75,0.0006752075270193281,0.01185668450152397,0.02371336900304794
11/01/2011,227.169,0.0018478500551268873,0.010511285285979909,0.021022570571959817
12/01/2011,227.223,0.00023770849015480877,0.010751492397889743,0.021502984795779487
01/01/2012,227.842,0.0027241960540966836,0.010856496373034019,0.021712992746068038
02/01/2012,228.329,0.002137446124946152,0.009831671870715564,0.019663343741431128
03/01/2012,228.807,0.002093470387029228,0.009752997612501398,0.019505995225002796
04/01/2012,229.187,0.0016607883500068255,0.010747519294377119,0.021495038588754237
05/01/2012,228.713,-0.002068180132381081,0.0067967020147994784,0.013593404029598957
06/01/2012,228.524,-0.0008263631713106845,0.00572565277282664,0.01145130554565328
07/01/2012,228.59,0.0002888099280600187,0.003282976799712039,0.006565953599424078
08/01/2012,229.918,0.00580952797585188,0.006959256161065824,0.013918512322131649
09/01/2012,231.015,0.004771266277542319,0.009650054412670934,0.019300108825341868
10/01/2012,231.638,0.0026967945804385884,0.010694323849083906,0.021388647698167812
11/01/2012,231.249,-0.0016793444944266378,0.011088132288064087,0.022176264576128174
12/01/2012,231.221,-0.00012108160467716456,0.011801823878454791,0.023603647756909582
01/01/2013,231.679,0.001980788942180789,0.013513277046239986,0.027026554092479973
02/01/2013,232.937,0.005429926752100966,0.013130768360893908,0.026261536721787816
03/01/2013,232.282,-0.0028119191025899326,0.005484492348981774,0.010968984697963547
04/01/2013,231.797,-0.002087979266581219,0.0006864158730432477,0.0013728317460864955
05/01/2013,231.893,0.00041415548950163306,0.0027848769075758404,0.005569753815151681
06/01/2013,232.445,0.002380408205508555,0.005293636823644866,0.010587273647289732
07/01/2013,232.9,0.001957452300544338,0.005270223024098014,0.010540446048196027
08/01/2013,233.456,0.0023872906826962748,0.0022280702507543972,0.0044561405015087945
09/01/2013,233.544,0.00037694469193350066,0.00543305120500082,0.01086610241000164
10/01/2013,233.669,0.000535231048539142,0.00807603204528106,0.01615206409056212
11/01/2013,234.1,0.0018444894273523804,0.00951732048832864,0.01903464097665728
12/01/2013,234.719,0.0026441691584793148,0.009782959409752849,0.019565918819505698
01/01/2014,235.288,0.0024241752904536895,0.01025332760841565,0.0205066552168313
02/01/2014,235.547,0.0011007786202441583,0.00895671989582623,0.01791343979165246
03/01/2014,236.028,0.00204205530106516,0.010636111396567586,0.021272222793135172
04/01/2014,236.468,0.0018641856050976013,0.011978482383200074,0.02395696476640015
05/01/2014,236.918,0.0019030059035471947,0.01203759077317391,0.02407518154634782
06/01/2014,237.231,0.001321132206079767,0.010702158751528426,0.021404317503056852
07/01/2014,237.498,0.001125485286492811,0.009392744211349408,0.018785488422698816
08/01/2014,237.46,-0.00016000134737970129,0.008121521394880898,0.016243042789761797
09/01/2014,237.477,7.159100480080838e-05,0.0061391021404240695,0.012278204280848139
10/01/2014,237.43,-0.00019791390324119806,0.004068203731583206,0.008136407463166411
11/01/2014,236.983,-0.0018826601524659647,0.00027435652841910585,0.0005487130568382117
12/01/2014,236.252,-0.0030846094445592387,-0.004126779383807281,-0.008253558767614562
01/01/2015,234.747,-0.0063703164417655556,-0.011583255437940431,-0.023166510875880862
02/01/2015,235.342,0.0025346436802173855,-0.00891939695106542,-0.01783879390213084
03/01/2015,235.976,0.0026939517808124425,-0.00632061210138247,-0.01264122420276494
04/01/2015,236.222,0.0010424788961589382,-0.00508781535610495,-0.0101756307122099
05/01/2015,237.001,0.003297745341246827,7.595481532430884e-05,0.00015190963064861768
06/01/2015,237.657,0.0027679208104607333,0.005947039601781154,0.011894079203562308
07/01/2015,238.034,0.0015863197801873063,0.014002308868696842,0.028004617737393683
08/01/2015,238.033,-4.20108051790713e-06,0.011434423094900076,0.022868846189800153
09/01/2015,237.498,-0.002247587519377592,0.0064498084550970915,0.012899616910194183
10/01/2015,237.733,0.0009894820166906904,0.006396525302469692,0.012793050604939384
11/01/2015,238.017,0.0011946174910508756,0.0042869017430305825,0.008573803486061165
12/01/2015,237.761,-0.0010755534268560574,0.0004376054566033611,0.0008752109132067222
01/01/2016,237.652,-0.0004584435630738959,-0.0016048127578413378,-0.0032096255156826756
02/01/2016,237.336,-0.0013296753235823022,-0.0029281654224413184,-0.005856330844882637
03/01/2016,238.08,0.0031347962382444194,0.0024505469519744256,0.004901093903948851
04/01/2016,238.992,0.0038306451612901693,0.005295857117017772,0.010591714234035545
05/01/2016,239.557,0.0023640958693178504,0.006470126083430982,0.012940252166861965
06/01/2016,240.222,0.002775957287827202,0.010350730355272786,0.02070146071054557
07/01/2016,240.101,-0.0005037007434789409,0.010304983757763505,0.02060996751552701
08/01/2016,240.545,0.0018492217858316895,0.013520915495331406,0.02704183099066281
09/01/2016,241.176,0.0026232097944252075,0.01300403225806441,0.02600806451612882
10/01/2016,241.741,0.0023426874979268764,0.011502477070362288,0.023004954140724575
11/01/2016,242.026,0.0011789477167711837,0.010306524125782267,0.020613048251564535
12/01/2016,242.637,0.002524522158776188,0.010053200789269892,0.020106401578539785
01/01/2017,243.618,0.004043076694815628,0.014648002299032473,0.029296004598064945
02/01/2017,244.006,0.0015926573570097524,0.014388160219501601,0.028776320439003203
03/01/2017,243.892,-0.00046720162618951733,0.011261485388264207,0.022522970776528414
04/01/2017,244.193,0.001234152821740775,0.010143087022888124,0.020286174045776248
05/01/2017,244.004,-0.0007739779600562935,0.008172675662945222,0.016345351325890444
06/01/2017,244.163,0.0006516286618252209,0.006289230414157818,0.012578460828315636
07/01/2017,244.243,0.0003276499715354486,0.002565491876626522,0.005130983753253044
08/01/2017,245.183,0.0038486261632881824,0.0048236518774128195,0.009647303754825639
09/01/2017,246.435,0.005106389920997767,0.010426746264740158,0.020853492529480315
10/01/2017,246.626,0.0007750522450138408,0.009963430565167686,0.01992686113033537
11/01/2017,247.284,0.002668007428251684,0.013442402583564208,0.026884805167128416
12/01/2017,247.805,0.0021068892447551058,0.014916264954149465,0.02983252990829893
01/01/2018,248.859,0.004253344363511546,0.018899211031636585,0.03779842206327317
02/01/2018,249.529,0.0026922876006090224,0.017725535620332585,0.03545107124066517
03/01/2018,249.577,0.000192362410782021,0.012749812323736466,0.02549962464747293
04/01/2018,250.227,0.002604406656061986,0.014601055849748197,0.029202111699496394
05/01/2018,250.792,0.002257949781598212,0.014186117985797747,0.028372235971595494
06/01/2018,251.018,0.0009011451720948305,0.01296584007586608,0.02593168015173216
07/01/2018,251.214,0.0007808204989283585,0.009463189999156107,0.018926379998312214
08/01/2018,251.663,0.0017873207703393845,0.008552112179345947,0.017104224358691893
09/01/2018,252.182,0.002062281702117419,0.01043766052160251,0.02087532104320502
10/01/2018,252.772,0.002339580144498754,0.010170764945429499,0.020341529890858998
11/01/2018,252.594,-0.0007041919199911595,0.007185237168649688,0.014370474337299375
12/01/2018,252.767,0.0006848935445813442,0.0069676278195189,0.0139352556390378
01/01/2019,252.718,-0.0001938544192873204,0.005986927480156324,0.011973854960312648
02/01/2019,253.322,0.002390015748779284,0.006592149024687744,0.013184298049375489
03/01/2019,254.202,0.0034738396191409393,0.008010087952351913,0.016020175904703827
04/01/2019,255.211,0.003969284269990103,0.009649011757631469,0.019298023515262937
05/01/2019,255.29,0.0003095477859496043,0.010673254313245754,0.021346508626491508
06/01/2019,255.159,-0.0005131419170355533,0.009463260631332397,0.018926521262664794
07/01/2019,255.685,0.0020614597172743387,0.011740358818920747,0.023480717637841493
08/01/2019,256.059,0.0014627373526019394,0.010804430724532505,0.02160886144906501
09/01/2019,256.511,0.0017652181723744054,0.009083327432514401,0.018166654865028803
10/01/2019,257.244,0.0028575772578953718,0.007965957580198406,0.015931915160396812
11/01/2019,257.803,0.002173034162118226,0.009843707156567062,0.019687414313134123
12/01/2019,258.616,0.0031535707497585275,0.013548414909918888,0.027096829819837777
01/01/2020,259.037,0.0016278961858509078,0.013109881299254847,0.026219762598509694
02/01/2020,259.248,0.0008145554496077345,0.012454160955092242,0.024908321910184484
03/01/2020,258.124,-0.004335616861074976,0.006288229354686542,0.012576458709373083
04/01/2020,256.092,-0.007872185461251346,-0.004478238559500099,-0.008956477119000198
05/01/2020,255.868,-0.0008746856598409458,-0.007505731120274016,-0.015011462240548033
06/01/2020,256.986,0.0043694404927541175,-0.006302780957094672,-0.012605561914189344
07/01/2020,258.278,0.005027511226292525,-0.002930083347166458,-0.005860166694332916
08/01/2020,259.411,0.004386746064318325,0.0006287415910634255,0.001257483182126851
09/01/2020,260.029,0.00238231994788185,0.007380173869922876,0.014760347739845752
10/01/2020,260.286,0.0009883512992781007,0.016376927041844402,0.032753854083688805
11/01/2020,260.813,0.0020246959114205154,0.019326371410258388,0.038652742820516776
12/01/2020,262.035,0.004685349273234163,0.01964698466064313,0.03929396932128626
01/01/2021,262.65,0.0023470147117750084,0.016927496728331323,0.033854993456662645
02/01/2021,263.638,0.003761660003807288,0.016294605857114678,0.032589211714229356
03/01/2021,264.914,0.004839969958807089,0.018786366136084788,0.037572732272169576
04/01/2021,266.67,0.006628566251689394,0.024526866600585565,0.04905373320117113
05/01/2021,268.444,0.006652416844789455,0.0292585108871108,0.0585170217742216
06/01/2021,270.559,0.007878738209831537,0.03253000553361192,0.06506001106722384
07/01/2021,271.764,0.004453742067349387,0.034700171330668314,0.06940034266133663
08/01/2021,272.87,0.004069707540365952,0.03501771368315656,0.07003542736631312
09/01/2021,274.028,0.004243779088943578,0.03440361777784501,0.06880723555569002
10/01/2021,276.522,0.009101259725283528,0.03694453819327249,0.07388907638654497
11/01/2021,278.711,0.007916187500452088,0.03824633815618898,0.07649267631237797
12/01/2021,280.887,0.007807370358543286,0.038172819976419095,0.07634563995283819
01/01/2022,282.599,0.006094977695656922,0.03986915117528436,0.07973830235056872
02/01/2022,284.61,0.007116090290482324,0.04302415069446993,0.08604830138893986
03/01/2022,287.472,0.010055865921787532,0.0490606799305179,0.0981213598610358
04/01/2022,288.611,0.003962125006957251,0.04371804051757183,0.08743608103514366
05/01/2022,291.268,0.009206163313248528,0.045053837128782,0.090107674257564
06/01/2022,294.728,0.011879094167570825,0.049276043391114605,0.09855208678222921
07/01/2022,294.628,-0.00033929589316261666,0.04256561417414781,0.08513122834829562
08/01/2022,295.32,0.002348724493259402,0.03763044165700425,0.0752608833140085
09/01/2022,296.539,0.00412772585669785,0.03154046307118609,0.06308092614237218
10/01/2022,297.987,0.0048830002124511385,0.03248663425856961,0.06497326851713922
11/01/2022,298.598,0.0020504250185411355,0.025165826661356694,0.05033165332271339
12/01/2022,298.99,0.001312801827205723,0.014460790966586142,0.028921581933172284
01/01/2023,300.536,0.00517074149637109,0.020052405066728268,0.040104810133456535
02/01/2023,301.648,0.003700055900125232,0.021427603955031935,0.04285520791006387
03/01/2023,301.808,0.0005304195618733853,0.017768320524450428,0.035536641048900856
04/01/2023,302.918,0.003677834914912914,0.016547701745378098,0.033095403490756195
05/01/2023,303.294,0.0012412600109599214,0.01572683005244499,0.03145366010488998
06/01/2023,303.841,0.0018035305676999958,0.016224622897086857,0.032449245794173714
07/01/2023,304.348,0.0016686358983810656,0.012684004578486476,0.025368009156972952
08/01/2023,306.269,0.006311853536083767,0.01531917997135728,0.03063835994271456
09/01/2023,307.481,0.0039573055059440865,0.018796718443513764,0.03759343688702753
10/01/2023,307.619,0.000448808219044583,0.01551905136043425,0.0310381027208685
11/01/2023,307.917,0.0009687308001129491,0.015242635858276097,0.030485271716552194
12/01/2023,308.85,0.0030300373152507554,0.016485596084794395,0.03297119216958879
