time,open,high,low,close
-2324712600,29.39,29.43,29.11,29.43
-2322034200,29.4,29.4,25.73,26.18
-2319442200,25.05,25.49,22.09,23.19
-2316591000,22.81,23.15,20.76,23.15
-2314085400,23.19,26.51,23.19,26.11
-2311493400,26.08,28.54,25.16,28.54
-2308728600,29.64,32.52,29.64,29.69
-2306223000,30.4,30.58,27.95,29.3
-2303544600,29.24,31.32,29.24,30.46
-2300866200,30.69,30.69,28.78,29.9
-2298447000,30.19,30.51,28.34,28.59
-2295768600,28.8,29.28,27.88,28.22
-2293003800,28.09,28.93,28.01,28.71
-2290498200,28.98,32.31,28.98,31.94
-2287906200,32.02,34.73,31.58,34.73
-2285141400,35.37,39.7,35.37,39.7
-2282549400,40.15,40.43,36.92,36.92
-2279957400,37.33,38.14,35.07,35.35
-2277279000,35.57,35.57,33.06,34.37
-2274687000,35.06,36.07,34.87,35.79
-2271835800,35.71,36.7,34.76,36.22
-2269330200,36.04,36.33,32.35,33.44
-2266911000,34.38,34.38,30.42,32.9
-2264232600,31.97,33.55,31.34,33.13
-2261554200,35.2,38.2,34.98,38.2
-2258962200,38.29,38.9,36.84,38.11
-2256370200,38.39,39.23,37.86,39.12
-2253691800,39.54,44.16,39.54,43.71
-2251013400,43.82,43.82,38.7,38.7
-2248248600,38.83,40.15,37.34,40.15
-2245743000,39.79,41.43,39.48,41.43
-2243151000,42.12,43.83,42.11,43.83
-2240386200,43.75,47.09,43.75,46.61
-2237794200,46.67,48.78,44.87,48.37
-2235375000,48.26,54.1,47.73,53.83
-2232523800,55.06,55.97,52.58,55.84
-2230104600,54.02,55.07,48.89,48.89
-2227426200,49.54,52.93,49.54,50.97
-2224661400,51.77,53.4,51.1,53.4
-2222155800,53.51,55.21,53.36,54.8
-2219477400,54.73,56.21,52.43,52.78
-2216799000,51.39,54.3,51.39,54.3
-2214207000,54.44,54.9,53.36,54.72
-2211615000,54.66,54.66,42.2,47.6
-2208936600,49.34,49.34,45.82,47.89
-2206258200,48.77,49.51,45.88,46.32
-2203839000,46.05,47.36,44.26,47.36
-2201074200,47.47,47.91,44.32,44.42
-2198568600,44.41,44.41,41.01,42.8
-2195890200,43.01,43.01,38.88,39.71
-2193211800,40.18,42.75,40.18,41.14
-2190619800,41.33,42.66,41.33,41.87
-2187768600,42.4,42.43,38.36,39.21
-2185349400,39.8,44.03,39.49,42.76
-2182671000,42.86,50.02,42.86,48.23
-2179906200,48.11,51.45,46.48,51.21
-2177400600,51.02,51.02,47.02,48.39
-2174722200,49.04,51.26,48.52,48.52
-2172303000,49.08,50.28,48.66,50.28
-2169624600,51.36,54.96,51.36,54.9
-2167032600,54.99,54.99,48.8,54.88
-2164181400,56.3,56.68,55.12,55.38
-2161762200,55.83,55.83,50.31,51.88
-2159083800,51.94,53.47,50.01,53.21
-2156319000,52.62,53.07,47.96,48.28
-2153813400,47.85,47.85,46.15,46.68
-2151135000,46.84,48.18,46.7,47.57
-2148456600,46.37,46.98,44.56,46.76
-2145864600,46.58,47.2,45.32,47.04
-2143013400,46.91,47.46,46.77,46.94
-2140594200,47.29,48.9,46.91,48.66
-2138088600,48.67,49.57,47.76,48.53
-2135496600,48.6,48.6,46.88,48.1
-2132731800,47.99,47.99,46.11,46.58
-2130226200,46.53,48.73,46.53,47.67
-2127547800,47.74,48.37,47.32,48
-2124869400,48.2,49.08,46.4,47.91
-2122277400,48.13,48.22,46.24,47.84
-2119426200,47.47,47.47,43.9,45
-2117007000,45.29,46.56,43.14,46.56
-2114328600,46.79,48.04,46.49,47.05
-2111563800,47.46,49.03,47.46,47.92
-2109144600,47.81,47.81,45.53,46.09
-2106552600,45.97,46.76,44.03,46.19
-2103960600,46.24,46.4,43.65,43.65
-2101282200,43.16,43.38,41.03,42.79
-2098690200,42.59,42.59,36.1,36.76
-2095839000,36.63,39.02,34.75,38.52
-2093333400,38.2,38.2,32.66,33.17
-2090741400,34.08,34.49,30.6,32.46
-2087976600,32.92,32.92,30.53,32.11
-2085471000,32.12,35.74,32.12,35.57
-2082792600,34.6,36.57,34.09,35.57
-2080114200,35.51,35.51,33.83,34.42
-2077608600,34.66,35.58,33.65,35.58
-2074930200,35.26,36.2,35.21,35.42
-2072251800,35.07,35.28,34.35,34.89
-2069659800,34.95,35.83,34.82,35.67
-2067067800,35.71,38.37,35.71,37.75
-2064389400,38.19,39.55,38.15,39.52
-2061711000,39.79,41.71,39.79,41.71
-2058946200,42.48,45.91,41.71,45.65
-2056440600,46.15,52.41,46.15,52.16
-2053848600,52.18,53.04,47.63,50.73
-2051083800,50.98,51.66,49.8,51.66
-2048491800,51.36,55.12,51.36,54.43
-2046072600,55.09,57.95,54.98,57.95
-2043221400,58.76,60.66,56.4,56.4
-2040802200,55.69,56.53,51.69,53.83
-2038123800,52.99,56.33,52.53,55.67
-2035359000,57,59.17,56.51,59.17
-2032853400,58.92,59.98,58.4,58.4
-2030175000,57.69,59.32,56.93,58.95
-2027496600,59.51,60.67,58.54,60.67
-2024904600,60.94,65.1,58.54,65.1
-2022312600,64.91,69.93,64.86,69.93
-2019634200,68.8,74.6,68.4,72.92
-2016955800,73.55,73.66,68.04,68.04
-2014536600,67.96,70.22,67.28,69.96
-2011771800,70.86,71.11,65.12,65.57
-2009266200,63.76,67.91,62.61,67.9
-2006587800,68.09,68.96,63.22,63.22
-2003909400,62.37,66.93,61.69,66.93
-2001317400,67.88,69.58,66.41,68.09
-1998466200,67.58,69.58,67.58,68.79
-1996047000,69.36,70.07,67.29,67.29
-1993368600,67.93,69.04,66.91,68.89
-1990603800,69.06,69.45,67.31,68.33
-1988098200,68.26,69.8,65.74,66.41
-1985419800,65.61,67.64,65,65.57
-1983000600,65.27,65.27,54.6,58.05
-1980322200,59.61,61.42,58.95,61.05
-1977730200,60.74,61.58,55.98,56.56
-1974879000,56.06,58.1,56.06,57.94
-1972459800,58.86,59.77,57.12,57.12
-1969781400,56.75,57.12,50.15,52.35
-1967016600,53.24,53.51,49.05,49.05
-1964511000,49.21,49.21,41.45,41.79
-1961832600,41.69,42.35,38.39,41.65
-1959154200,43.56,44.74,41.17,42.55
-1956562200,43.17,47.68,43.17,45.41
-1953711000,44.77,45,42.46,44.23
-1951291800,44.24,50.64,44.16,48.89
-1948699800,49.13,50.91,48.55,50.37
-1946107800,50.64,54.41,50.54,52.7
-1943429400,53.87,53.87,51.93,52.57
-1940837400,52.7,58.19,52.7,58.19
-1937986200,58.71,61.85,58.71,61.31
-1935480600,61.24,61.24,55.82,57.89
-1932888600,57.58,60.51,57.58,60.05
-1930123800,60.04,64.01,60.04,63.23
-1927618200,63.47,63.49,60.45,62.39
-1924939800,61.75,62.97,61.18,61.29
-1922261400,61.16,62.81,57.87,58.91
-1919842200,59.91,62.37,59.13,62.37
-1917163800,61.83,63.94,61.83,63.94
-1914399000,64.28,66.76,64.28,66.76
-1911893400,66.91,68.22,64.94,66.83
-1909301400,67.32,69.65,67.22,69.65
-1906536600,70.63,71.78,69.75,70.9
-1903944600,70.61,72.51,69.43,72.1
-1901352600,72.69,72.69,69.68,71.68
-1898674200,72.02,72.81,69.45,69.54
-1896082200,70.17,71.9,70.01,71.74
-1893231000,71.22,71.22,65.66,66.57
-1890725400,66.15,66.15,61.58,66.15
-1888306200,66.46,68.48,64.8,64.97
-1885627800,64.97,66.89,62.5,63.13
-1882949400,61.93,64.7,61.36,62.52
-1880357400,62.06,62.49,58.79,58.79
-1877765400,59.13,59.13,53.32,56.18
-1875087000,55.14,58.96,55.14,57.71
-1872408600,56.91,57.74,56.74,57.74
-1869643800,58.43,62.3,58.43,61.39
-1867138200,61.63,62.18,59.77,59.77
-1864546200,58.98,59.5,57.71,58.96
-1861781400,59.47,61.51,59.17,61.51
-1859189400,61.8,62.26,61.08,61.58
-1856770200,61.22,61.22,59.62,60.31
-1853919000,60.35,60.35,59.07,60.34
-1851499800,60.94,62.58,59.82,61.96
-1848821400,62.13,63.05,62.13,62.27
-1846056600,62.02,62.63,61.76,62.3
-1843551000,61.9,61.9,57.22,57.4
-1840872600,57.34,58.14,52.83,54.43
-1838194200,55.59,56.74,54.19,54.89
-1835602200,56.27,59.29,56.27,58.64
-1833010200,58.16,59.61,57.35,59.08
-1830331800,59.65,59.65,58.08,58.08
-1827653400,58.3,59.08,58.18,58.95
-1825147800,59.44,64.18,59.44,63.9
-1822469400,64.49,65.86,64.26,65.4
-1819877400,65.42,65.53,63.44,63.74
-1817026200,64.16,65.97,64.16,65.97
-1814607000,66.16,66.41,63.71,64.97
-1811928600,65.52,66.67,65.07,66.32
-1809163800,65.63,68.19,65.46,68.19
-1806658200,68.01,68.17,65.44,65.7
-1803979800,65.55,66.59,64.88,66.09
-1801301400,65.8,65.8,61.74,63.64
-1798709400,64.04,64.15,59.06,60.63
-1795858200,60.3,60.45,57.01,58.17
-1793439000,58.9,59.16,56.67,58.61
-1790933400,59.33,60.25,56.77,56.88
-1788341400,57.66,57.9,56.77,56.77
-1785576600,55.96,55.96,52.23,54.24
-1783071000,54.63,57.26,54.49,56.84
-1780392600,56.64,59.25,56.64,59.25
-1777714200,58.62,60.14,58.14,58.21
-1775122200,58.51,58.98,55.83,56.71
-1772271000,56.32,56.57,55,55.2
-1769851800,54.88,57.11,54.51,57.06
-1767173400,56.92,60.03,56.92,59.97
-1764408600,59.79,60.25,58.89,59.39
-1761989400,59.14,60.42,58.75,59.67
-1759397400,59.72,59.73,56.14,57.3
-1756805400,58.02,59.14,57.33,59.08
-1754127000,58.65,59.27,57.43,58.42
-1751535000,58.18,59.24,51.73,51.73
-1738315800,56.76,56.76,53.17,54.58
-1735637400,55.44,58.24,55.4,56.54
-1732959000,55.59,57.83,54.22,55.02
-1730539800,55.29,61.3,55.29,60.83
-1727861400,61.05,71.78,61.05,71.78
-1725096600,69.54,69.58,60.38,65.01
-1722591000,64.86,71.9,64.86,70.06
-1719999000,69.85,75.79,67.88,75.53
-1717234200,76.46,81.88,76.46,81.2
-1714642200,81.79,90.58,80.7,90.58
-1712050200,90.88,96.46,88.23,95.34
-1709371800,95.16,97.56,91.08,96.71
-1706779800,95.9,99.21,94.78,99.15
-1703928600,98.81,98.81,90.58,90.58
-1701423000,91.93,96.15,90.89,91.03
-1698917400,90.69,96.08,90.52,93.25
-1696066200,94.13,94.46,87,89.65
-1693647000,90.3,92.62,87.71,91.8
-1690968600,91.87,93.61,87.68,89.58
-1688203800,89.37,90.53,86.42,89.25
-1685698200,89.05,93.83,88.15,92.25
-1683019800,91.19,103.73,91.19,103.73
-1680341400,103.01,105.28,98.94,104.61
-1677749400,105.9,110.15,105.63,105.97
-1675157400,106.17,106.76,90.16,95
-1672479000,96.15,99.18,95.43,95.43
-1669800600,88.52,94.91,87.01,91.56
-1667381400,91.1,98.2,91.1,96.72
-1664616600,97.06,97.06,90.66,93.23
-1662111000,93.42,97.41,89.08,97.38
-1659432600,97,98.58,94.78,95.38
-1656754200,95.23,95.31,90.48,91.75
-1654162200,92.26,93.85,83.4,83.4
-1651311000,81.2,86.02,81.2,83.46
-1648891800,83.58,83.58,74.5,74.5
-1646213400,71.41,74.23,68.58,72.65
-1643448600,72.55,74.38,65.95,74.38
-1640943000,76.68,79.8,73.38,79.8
-1638264600,79.28,82.08,77.78,80.39
-1635845400,79.93,79.93,76.41,76.41
-1633170600,77.16,79.42,75.58,77.51
-1630578600,78.16,84.04,78.08,78.08
-1627727400,78.55,83.02,78.53,82.58
-1625308200,81.81,82.96,80.51,81.23
-1622629800,80.71,83.18,80.71,82.46
-1619865000,83.84,84.68,80.29,84.68
-1617359400,83.95,89.07,83.36,85.51
-1614677400,85.53,87.66,79.87,80.93
-1611999000,81.13,84.5,80.44,82.2
-1609407000,82.6,83.35,79.88,80.61
-1606555800,80.91,85.68,79.35,84.81
-1604136600,85.58,89.05,84.24,88.85
-1601634600,89.3,93.51,88.91,92.88
-1599042600,93.26,105.5,93.26,105.5
-1596277800,106.92,107.55,99.56,106.98
-1593772200,108.13,112.23,107.16,107.16
-1591093800,107.99,107.99,98.46,104.75
-1588415400,106.26,111.42,105.84,111.42
-1585823400,111.12,118.92,108.9,118.92
-1582968600,119.62,119.62,103.72,103.72
-1580549400,104.03,107.97,103.55,107.23
-1577871000,108.76,108.85,101.9,104.21
-1575106200,103.01,103.01,89.98,91.18
-1572687000,92.4,104.17,91.68,102.81
-1570012200,102.66,105.65,93.16,93.54
-1567247400,94.03,94.41,87.36,91.81
-1564741800,90.2,93.06,90.16,90.76
-1562149800,91.26,94.51,86.85,86.85
-1559385000,84.95,87.29,83.2,86.16
-1556793000,86.34,89.95,82.95,82.95
-1554201000,84,85.73,84,85.08
-1551519000,85.48,85.48,73.12,76.04
-1548927000,76.5,77.3,66.75,71.95
-1546075800,72.67,76.76,72.67,76.13
-1543570200,75.48,77.14,74.34,74.98
-1541151000,74.71,77.78,72.25,75.76
-1538472600,75.72,78.86,75.06,78.57
-1535797800,79.65,80.03,73.44,73.44
-1533205800,73.51,73.51,64.9,68.45
-1530613800,68.35,69.86,67.25,68.37
-1527935400,69.68,69.95,63.9,67.11
-1525257000,66.83,71.72,66.83,71.08
-1522488600,71.61,73.8,69.46,73.21
-1519983000,73.44,78.01,73.44,77.3
-1517391000,78.12,81.5,78.12,80.8
-1514626200,81.1,82.95,78.59,81.3
-1512034200,81.68,85.81,81.68,85.46
-1509615000,85.33,89.05,85.33,89.05
-1506763800,90.05,93.21,89.3,91.93
-1504348200,93.35,96.41,91.5,95.63
-1501669800,96.03,96.36,90.73,92.93
-1498905000,92.92,97.05,92.92,97.05
-1496399400,96.25,100.78,96.21,100.78
-1493721000,101.28,102.05,96.58,97.12
-1491039000,97.67,102.76,96.11,96.11
-1488447000,96.23,99.53,92.03,94.65
-1485855000,95.73,99.22,95.03,98.17
-1483176600,98.77,99.42,96.96,97.43
-1480498200,97.71,103.9,97.71,103.9
-1478079000,104.23,105.38,102.36,102.77
-1475314200,101.51,102.7,98.38,98.38
-1472812200,97.4,98.19,92.77,97.53
-1470133800,95.36,97.24,88.4,88.4
-1467455400,88.95,91.72,86.91,86.91
-1464863400,87.96,93.7,87.96,93.46
-1462012200,92.25,93.61,87.94,87.97
-1459589400,88.06,90.45,85.91,88.53
-1456911000,88.41,92.88,88.41,92.34
-1454146200,92.64,95.61,92.64,95.52
-1451640600,95.65,100.66,94.88,100.66
-1448962200,100.7,101.31,96.33,97.22
-1446283800,97.1,98.86,92.54,93.01
-1443778200,93.5,94.69,89.18,90.63
-1441189800,92.12,92.47,88.33,89.9
-1438425000,90.15,96.37,89.18,96.37
-1435919400,96.45,102.14,96.38,102.14
-1433241000,102.12,105.57,101.51,104.14
-1430562600,104.95,104.95,101.07,103.16
-1427967000,104.08,104.08,99.18,104.06
-1425115800,103.89,111.1,103.89,111.1
-1422696600,110.44,120.51,110.44,120.51
-1420018200,121.25,123.6,119.46,123.49
-1417253400,120.46,122.86,117.96,122.24
-1414834200,123.93,125.68,115,116.75
-1412242200,118.07,121.54,117.4,120.01
-1409653800,121.1,129.95,121.1,129.95
-1406975400,129.69,131.01,126.75,131.01
-1404383400,131.76,136.5,131.33,133.81
-1401532200,135.81,143.18,135.71,141.18
-1399026600,139.78,147.16,137.22,143.46
-1396431000,144.77,155.65,144.77,155.65
-1393666200,157.88,159.39,148.18,151.08
-1391160600,152.11,157.01,152.11,156.66
-1388482200,158.75,158.93,153.2,157.35
-1385803800,156.83,162.31,154.68,154.68
-1383384600,150.9,153.13,135.2,140.46
-1380706200,140.35,144.55,136.27,143.71
-1377945000,140.53,143.43,137.16,143.43
-1375439400,142.3,154.03,142.3,153.04
-1372847400,153.01,160.58,153.01,160.18
-1370082600,161.84,166.14,160.41,162.51
-1367490600,163.93,166.1,156.26,158.19
-1364895000,159.69,159.69,145.66,150.76
-1362216600,150.51,157.37,150.51,156.55
-1359624600,157.31,160.75,156.65,157.2
-1356773400,155.16,156.56,152.73,156.41
-1354267800,156.26,161.96,154.31,161.96
-1351848600,161.42,161.78,158.41,160.08
-1349170200,160.71,167.36,160.71,164.64
-1346495400,164.55,172.96,164.55,172.96
-1343903400,171.98,171.98,165.73,166.23
-1341311400,168.06,181.4,168.06,181.4
-1338633000,184.21,190.63,177.13,189.79
-1335954600,191.56,198.97,191.56,197.59
-1333186200,199.78,199.78,181.43,181.73
-1330680600,181.65,198.21,181.65,198.21
-1328088600,196.58,200.93,193.58,200.7
-1325323800,203.35,203.35,194.5,198.59
-1322731800,197.98,199.35,191.8,194.78
-1320226200,194.81,214.45,194.53,214.45
-1317461400,209.33,216.93,207.94,211.63
-1314959400,213.48,220.88,211.73,219.81
-1312281000,220.27,220.27,201.96,210.37
-1309602600,208.21,216,205.1,216
-1307010600,216.78,240.41,214.08,240.41
-1304159400,240.25,241.72,236.86,237.38
-1301736600,240.01,260.39,233.6,252.16
-1299058200,255.23,299.35,251.56,293.38
-1296293400,289.23,301.61,254.36,300
-1293787800,307.01,319.96,292.89,317.51
-1291109400,319.68,324.51,293.4,317.41
-1288690200,321.18,324.4,281.51,308.85
-1286011800,300.4,321.09,294.11,319.29
-1283423400,320.13,331.01,290.02,297.41
-1280572200,304.2,335.25,298.53,331.65
-1278153000,335.22,350.26,332.23,347.7
-1275474600,350.56,383.96,336.13,380.33
-1272709800,381.17,386.1,341.06,343.45
-1270200600,342.57,358.77,212.33,273.51
-1267522200,257.68,269.75,195.35,238.95
-1264843800,241.7,267.56,226.39,248.48
-1262251800,244.2,268.71,241.78,267.14
-1259400600,266.54,275,259.78,271.11
-1256981400,271.11,289.13,268.94,286.1
-1254475800,287.11,297.25,272.24,279.23
-1251887400,274.59,281.95,249.82,275.07
-1249122600,274.45,276.86,207.74,226.34
-1246617000,223.03,243.65,214.64,233.99
-1243938600,233.57,241.35,214.49,240.42
-1241260200,240.42,247.21,201.95,204.9
-1238664600,214.14,216.89,181.53,183.35
-1235813400,185.39,191.28,168.32,180.91
-1233394200,185.48,187.96,154.45,164.58
-1230715800,169.81,175.66,160.09,169.34
-1227951000,168.71,196.96,165.6,190.34
-1225531800,184.38,191.93,170.64,172.36
-1222939800,170.82,174.69,141.78,151.19
-1220351400,145.58,153.82,127.3,128.46
-1217673000,122.77,156.59,119.89,150.18
-1215081000,152.66,156.74,133.7,135.39
-1212229800,137.5,145.95,132.55,139.41
-1209724200,140.13,140.54,95.76,96.61
-1207128600,95.66,109.69,85.51,103.97
-1204363800,104.5,119.15,89.35,93.87
-1201858200,91.17,93.38,71.79,77.9
-1199179800,71.59,87.78,69.85,76.55
-1196501400,79.63,89.84,70.64,81.44
-1193995800,81.87,89.87,72.49,73.28
-1191317400,72.18,74.38,55.37,55.93
-1188642600,55.37,59.76,44.27,44.74
-1186050600,44.93,51.43,42.31,42.84
-1183458600,44.39,54.68,40.56,53.89
-1180780200,54.94,77.01,52.4,73.16
-1178101800,73.67,81.39,64.27,71.56
-1175333400,71.21,72.63,57.67,61.9
-1172827800,60.22,68.27,55.94,56.35
-1170235800,58.02,62.89,55.58,60.26
-1167471000,59.29,65.28,58.87,60.9
-1164879000,59.08,60.89,49.68,51.39
-1162459800,52.54,64.56,50.25,55.4
-1159608600,55.69,75.2,55,73.1
-1157193000,77.79,91.33,75.61,88.11
-1154514600,89.1,100.48,86.48,98.14
-1151749800,103.77,110.53,84.45,90.77
-1149244200,92.7,105.6,89.61,102.41
-1146565800,103.66,107.68,92.44,94.24
-1143883800,92.99,100.58,83.57,88.16
-1141291800,89.62,101.94,86.83,98.14
-1138699800,98.89,103.97,93.7,98.67
-1136021400,100.36,110.06,96.26,107.22
-1133343000,108.95,111.93,102.21,103.46
-1130923800,103.18,105.99,97.41,100.31
-1128159000,101.96,107,100.31,100.49
-1125657000,100.62,101.36,89.1,94
-1122978600,91.79,101.11,91.7,95.75
-1120300200,94.8,99.35,84.58,88.05
-1117708200,90.57,95.59,86.32,92.86
-1114857000,92.3,94.05,85.72,92.49
-1112434200,90.41,96.36,89.84,93.36
-1109755800,93.46,103.51,92.79,102.94
-1106991000,101.92,104.46,98.93,104.04
-1104485400,104.51,106.71,99.54,101.69
-1101807000,101.53,108.29,99.95,102.38
-1099387800,103.27,103.59,95.95,100.78
-1096709400,101.23,111.52,99.75,109.45
-1094121000,108.71,117.62,107.82,110.64
-1091269800,111.45,121.3,110.15,118.36
-1088850600,118.82,127.04,117.8,126.23
-1086172200,125.85,129.97,124.28,127.35
-1083407400,127.27,135.34,126.43,131.92
-1080898200,131.51,142.08,126.95,139.74
-1078219800,141.31,149.42,139.99,142.34
-1075541400,140.72,145.13,138.33,144.13
-1072949400,144.13,150,141.55,149.49
-1070098200,150.62,155.69,148.32,152.53
-1067679000,154.08,159.87,149.65,156.34
-1065087000,158.96,163.07,141.53,145.67
-1062498600,147.07,153.57,144.18,152.64
-1059820200,152.84,161.15,148.52,157.69
-1057228200,158.38,168.23,154.85,164.86
-1054377000,165.32,170.15,160.52,166.29
-1051871400,166.35,170.72,164.82,167.82
-1049275800,168.26,178.44,167.54,177.15
-1046511000,176.67,186.39,175.35,183.22
-1044005400,182.05,183.59,175.31,179.9
-1041327000,177.72,187.8,176.96,184.74
-1038648600,186.61,191.39,184.85,187.17
-1036229400,187.68,195.59,179.28,186.41
-1033551000,185.19,186.63,168.77,174.27
-1030789800,174.59,176.91,166.2,174.71
-1028284200,171.59,175.4,163.31,169.32
-1025692200,170.13,185.15,169.13,184.01
-1022927400,186.91,189.94,175.09,177.41
-1020335400,173.08,176.11,146.22,154.57
-1017739800,153.89,155.11,115.84,138.48
-1015061400,135.94,137.01,112.54,123.48
-1012469400,122.11,131.15,117.71,120.85
-1009618200,120.57,134.95,118.94,121.87
-1007112600,123.97,132.86,117.13,129.64
-1004693400,130.47,131.03,97.46,98.95
-1002015000,103.02,121.54,100.95,111.66
-999340200,110.09,120.28,106.94,107.74
-996748200,110.61,138.19,107.58,133.88
-994156200,136.53,146.31,133.53,141.2
-991477800,140.37,145.89,135.38,139.27
-988799400,138.36,143.42,127.85,141.45
-986031000,144.29,155.38,142.64,151.73
-983525400,151.39,158.9,145.21,149.82
-980933400,148.63,154.94,146.44,154.36
-978168600,153.64,155.47,136.1,143.76
-975576600,142.43,148.16,141.92,147.3
-973157400,147.15,152.71,131.35,131.84
-970306200,132.25,135.57,120.04,128.38
-967890600,127.83,139.23,127.53,138.18
-965212200,136.2,140.75,128.97,130.63
-962447400,131.93,145.72,131.18,143.26
-959941800,143.36,145.75,128.6,134.41
-957263400,135.25,157.77,127.51,150.16
-954581400,151.41,155.95,148.73,151.88
-951989400,151.6,153.18,144.85,145.69
-949397400,146.54,150.7,145.51,149.99
-946719000,151.43,153.29,143.06,145.33
-944040600,145.23,150.04,144.69,146.54
-941535000,146.23,149.45,145.08,147.54
-938856600,147.72,152.09,145.86,148.43
-936268200,147.13,148.7,110.51,116.22
-933417000,114.73,125.31,110.41,122.06
-930997800,121.12,127.18,120.71,126.14
-928319400,126.13,129.18,120.9,128.88
-925554600,129.74,135.48,127.22,132.64
-923045400,134.33,135.86,129.47,134.61
-920367000,134.41,138.77,129.13,130.03
-917688600,130.93,133,127.83,131.13
-915096600,130.57,134.27,123.86,124.13
-912245400,122.67,125.27,117.43,121.97
-909826200,120.88,124.35,119.98,122.72
-907320600,123.26,125.28,115.33,115.54
-904732200,115.3,118.45,114.78,116.23
-901967400,116.18,125.14,115.52,123.14
-899461800,122.85,131.1,122.54,128.79
-896783400,128.22,128.68,124.66,127.43
-894105000,128.31,130,125.33,126.82
-891509400,126.85,127.2,117.4,117.82
-888658200,118.87,120.34,114.1,114.66
-886239000,113.59,117.54,105.52,110.96
-883560600,112.77,114.96,108.3,109.41
-880795800,109.47,111.04,104.67,106.58
-878380200,105.75,107.16,98.32,99.53
-875788200,99.95,102.75,92.69,95.35
-873196200,95.83,101.5,95.08,100.88
-870517800,101.37,106.63,100.93,103.34
-867925800,102.69,109.49,102.27,105.72
-865074600,106.08,107.88,104.5,106.33
-862569000,106.28,109.98,105.58,109.11
-859977000,109.65,116.01,109.16,113.5
-857212200,114.68,118.18,113.46,114.5
-854706600,114.61,120.19,114.08,119.4
-852028200,120.25,125.71,118.84,125.41
-849349800,125.86,130.43,124.69,129.71
-846930600,129.44,137.2,127.91,136.57
-844252200,136.56,137.45,129.79,135.48
-841487400,137.43,141.58,136.08,141.18
-838981800,142.43,143.7,138.07,143.38
-836389800,143.58,146.41,136.72,137.25
-833625000,134,138.83,133.87,136.62
-831033000,137.12,142.5,136.37,140.12
-828441000,140.33,140.63,135.92,138.29
-825762600,138.5,138.96,128.94,129.57
-823170600,130.68,136.73,129.76,135.89
-820319400,135.92,138.89,135.51,137.4
-817813800,137.45,137.69,134.1,136.3
-815308200,136.44,141.43,135.86,138.84
-812457000,138.01,139.45,134.75,136.21
-810037800,137.06,142.44,136.18,142.24
-807359400,142.14,149.15,140.9,148.38
-804594600,149.32,150.88,145.26,146.11
-802089000,146.39,149.28,144.48,146.99
-799410600,147.16,147.47,142.53,146.31
-796732200,146.92,149.2,145.33,146.53
-794140200,146.73,148.39,145.17,147.33
-791548200,147.3,152.75,146.76,151.93
-788869800,152.58,156.68,150.53,153.67
-786191400,153.79,160.85,153.22,160.4
-783772200,160.72,162.22,151.74,154.06
-781007400,155.86,165.71,154.51,165.44
-778501800,165.09,169.53,162.6,168.3
-775823400,168.08,169.55,163.78,164.57
-773145000,165.91,167.79,159.95,162.88
-770553000,162.72,174.54,161.14,174.29
-767701800,173.9,180.8,173.23,180.11
-765279000,183.37,187.55,181.93,186.6
-762600600,188.84,192.95,186.44,191.46
-759835800,193.65,196.59,187.51,192.91
-757330200,191.66,206.59,189.77,204.67
-754651800,205.79,207.49,184.05,190.09
-752232600,189.42,201.85,186.77,199.56
-749554200,199.19,209.36,198.47,206.77
-746965800,205.67,213.36,199.26,212.28
-744114600,211.47,212.48,198.98,205.62
-741695400,206.47,208.59,194.33,201.56
-739017000,202.26,205.01,187.26,189.19
-736252200,178.68,188.21,164.09,172.42
-733743000,171.47,177.05,160.49,169.15
-731064600,171.76,175.78,162.29,169.78
-728386200,167.5,178.58,166.2,177.2
-725794200,176.39,181.34,170.13,180.44
-722943000,181.92,184.96,176.34,178.9
-720523800,179.43,182.48,171.94,177.2
-718018200,177.45,178.28,165.39,170.64
-715429800,171.91,175.08,161.38,169.25
-712665000,168,178.08,167.43,177.3
-710159400,180.33,187.66,177.48,183.18
-707481000,183.81,184.38,176.54,178.85
-704802600,179.81,180.56,174.02,177.49
-702207000,178.1,186.24,176.89,181.81
-699355800,182.65,183.97,179.3,179.51
-696936600,180.61,181.82,175.19,181.16
-694258200,181.04,181.69,170.7,174.76
-691493400,174.92,176.05,164.07,166.8
-689074200,168.14,177.61,165.03,177.2
-686395800,177.61,184.48,175.96,180.51
-683634600,181.09,192.31,179.47,190.74
-681129000,191.18,194.49,186.56,189.46
-678537000,189.03,192.38,179.58,181.33
-675772200,181.13,184.54,177.4,181.71
-673180200,183.6,185.64,175.84,178.3
-670584600,179.87,190.88,178.22,188.28
-667906200,189.76,190.45,170.35,171.2
-665314200,173.22,179.15,171.67,177.3
-662463000,175.03,182.5,174.37,179.12
-659957400,180.39,180.94,170.56,173.06
-657538200,174.18,179.19,172.59,177.1
-654859800,176.28,177.78,172.26,174.06
-652185000,174.53,177.18,168.14,168.36
-649593000,167.98,168.98,160.62,167.42
-647001000,168.08,177.04,166.94,175.92
-644322600,176.84,182.67,175.68,178.66
-641644200,179.52,184.09,177.63,182.51
-638875800,182.67,191.44,180.9,189.54
-636370200,191.23,194.35,186.98,191.55
-633778200,192.71,200.91,191.12,200.52
-631013400,198.89,202.92,193.94,201.79
-628421400,201.89,205.39,200.59,203.44
-626002200,203.62,211.22,201.14,206.05
-623151000,208.44,216.32,205.93,213.56
-620735400,215.81,224.24,214.05,223.42
-618057000,223.23,229.2,206.03,209.11
-615292200,208.35,212.19,195.4,209.4
-612786600,211.87,222.17,209.55,216.87
-610108200,218.42,228.17,217.12,226.36
-607426200,228.94,232.75,223.59,225.01
-604834200,225.69,236.63,220.59,227.6
-602242200,228.89,236.52,221.31,235.42
-599563800,239.92,250.56,234.93,248.83
-596885400,250.76,257.06,247.04,252.05
-594466200,252.8,254.42,242.06,248.53
-591701400,246.63,260.83,244.98,259.13
-589199400,260.71,264.44,241.89,249.65
-586521000,249.33,255.23,240.72,242.64
-583842600,243.98,262.21,241.06,257.86
-581250600,259.89,271.64,256.81,270.25
-578399400,270.63,277.51,269.08,271.16
-575976600,272.56,277.3,256.39,262.35
-573298200,264.06,265.82,254.91,261.27
-570533400,263.24,270,261.73,269.23
-568027800,269.86,276.26,266.34,270.69
-565349400,271.68,272.91,257.44,260.08
-562671000,260.08,270.4,258.95,269.46
-560165400,267.22,269.81,257.04,257.63
-557577000,256.35,265.17,254.7,262.94
-554812200,262.31,274.97,260.83,274.26
-552306600,275.46,280.25,271.73,279.56
-549628200,279.8,281.47,272.28,275.04
-546949800,276.1,278.16,267.08,270.61
-544354200,270.17,272.36,262.01,269.23
-541503000,270.23,284.65,268.79,283.66
-539083800,283.7,293.5,280.68,291.9
-536405400,292.14,295.03,284.29,289.77
-533640600,290.03,290.94,279.72,284.27
-531221400,284.71,291.96,277.57,279.87
-528629400,280.09,281.81,269.25,274.75
-526041000,275.66,280.01,270.65,272.28
-523362600,268.4,272.64,260.75,268.26
-520770600,269.39,275.85,266.96,275.38
-517919400,276.13,278.3,260.83,261.22
-515413800,262.54,266.61,254.36,264.04
-512818200,265.68,277.04,262.45,275.81
-510053400,276.72,282.46,273.01,281.37
-507547800,281.1,285.2,275.91,280.9
-504869400,282.89,294.56,278.91,292.39
-502191000,291.84,297.67,287.37,294.54
-499771800,296.55,305.15,294.23,303.51
-497093400,306.27,321.71,301.7,319.33
-494332200,319.35,328.93,316.45,327.49
-491826600,328.67,338.78,315.66,333.53
-489234600,334.12,349.21,330.68,347.92
-486469800,349.57,352.27,333.21,335.8
-483877800,338.13,366.02,334.97,360.46
-481282200,359.88,366.4,350.72,352.14
-478603800,353.96,391.21,350.16,386.77
-476011800,384.04,407.17,381.81,404.39
-473160600,408.89,412.47,385.65,408.83
-470655000,409.7,416.55,403.51,411.87
-468235800,413.71,421.83,387.5,409.7
-465557400,413.84,432.76,409.78,425.65
-462882600,426.3,428.27,412.6,424.86
-460290600,424.88,453.48,422.48,451.38
-457698600,453.82,471.73,449.5,465.85
-455020200,460.25,469.51,445.67,468.18
-452341800,469.63,489.94,446.74,466.62
-449577000,455.7,465.4,433.19,454.87
-447067800,454.89,490.75,452.12,483.26
-444475800,481.39,490.56,478.32,488.4
-441711000,485.78,490.92,458.21,470.74
-439119000,473.28,491.09,463.89,483.65
-436613400,486.69,515.86,483.63,511.79
-433848600,515.1,524.37,500.99,516.12
-431346600,513.96,519.8,463.85,478.05
-428668200,480.63,494.82,467.99,492.78
-425989800,491.92,519.97,488.36,517.81
-423397800,518.69,523.33,492.19,502.04
-420546600,507.66,512.68,474.23,475.25
-418127400,468.7,494.11,463.83,479.85
-415445400,487.62,500.52,460.41,472.78
-412680600,480.61,501.56,474.26,499.47
-410175000,496.03,502.57,471.06,479.16
-407496600,477.22,479.76,453.07,464.62
-405077400,468.91,477.58,463.66,474.81
-402399000,474.98,497.22,473.09,494.36
-399810600,495.76,508.87,492.29,504.93
-396959400,503.76,516.81,492.87,503.29
-394540200,503.29,523.11,500.75,508.52
-391861800,506.21,509.98,469.03,484.35
-389097000,486.13,487.59,452.19,456.3
-386591400,460.8,468.15,416.15,441.04
-383909400,434.71,452.49,425.46,449.87
-381231000,446.91,452.16,423.86,435.69
-378639000,439.27,453.63,434.37,450.02
-375787800,453.98,459.77,434.04,439.92
-373368600,443.38,457.27,439.24,446.76
-370863000,445.47,458.33,437.25,455.86
-368274600,457.01,465.32,453.84,462.7
-365509800,466.11,482.11,462.7,478.18
-363004200,478.82,508.39,472.07,502.99
-360325800,505.43,514.44,499.82,508.63
-357647400,511.77,535,508.39,532.09
-355055400,530.94,549.71,527.68,543.22
-352200600,545.16,572.05,538.43,557.46
-349781400,560.07,587.44,553.7,583.65
-347103000,587.59,601.74,580.54,593.96
-344338200,592.23,607.61,571.73,603.5
-341919000,605.03,618.8,599.21,601.71
-339327000,602.94,635.29,599.65,623.75
-336738600,625.06,647.24,611.68,643.79
-334060200,643.51,648.65,613.11,643.6
-331468200,650.88,678.67,643.6,674.88
-328617000,678.1,683.9,639.34,664.41
-326111400,655.9,664.95,613.3,631.68
-323519400,633.6,649.4,624.55,646.6
-320751000,645.46,661.23,630.99,659.18
-318245400,664.38,682.72,658.48,679.36
-315567000,679.06,688.21,619.51,622.62
-312888600,626.2,640.3,603.34,630.12
-310383000,626.87,632.65,596.2,616.59
-307704600,615.98,637.16,598.35,601.7
-305029800,599.61,631.44,596.61,625.5
-302437800,624.89,663.64,620.61,640.62
-299845800,641.3,650.1,597.3,616.73
-297167400,617.85,645.3,600.28,625.99
-294489000,626.1,630.95,565.49,580.14
-291724200,577.81,600.03,564.23,580.36
-289215000,585.24,614.09,579.43,597.22
-286623000,594.56,621.33,589.82,615.89
-283858200,610.25,655.18,606.09,648.2
-281266200,649.39,667.03,632.81,662.08
-278847000,663.03,685.32,656.36,676.63
-275995800,677.59,700.75,671.64,678.71
-273580200,677.05,714.69,672.98,696.72
-270901800,695.37,708.88,673.49,683.96
-268137000,689.81,709.75,674.8,705.37
-265631400,713.94,730.17,702.21,719.94
-262953000,721.19,733.53,688.87,701.21
-260274600,699.83,714.07,693.12,703.92
-257679000,703.84,741.3,700.12,721.6
-255087000,728.8,739.88,714.6,731.14
-252408600,724.71,734.38,686.89,700
-249730200,702.54,721.39,696.07,708.05
-247311000,711.81,727.14,703.27,706.95
-244546200,705.42,709.74,661.48,665.33
-242044200,671.24,679.2,553.75,613.36
-239365800,611.05,616.54,524.55,561.28
-236687400,573.75,601.15,557.31,597.93
-234095400,591.36,622.02,582.12,609.18
-231244200,602.45,612.44,572.16,578.98
-228825000,571.95,594.79,549.65,589.77
-226143000,597.13,655.95,582.66,649.3
-223378200,646.41,658.76,636.88,652.1
-220872600,646.79,686.91,643.57,682.85
-218194200,683.19,694.27,661.27,662.94
-215775000,659.72,687.37,656.66,682.52
-213096600,685.86,721.92,680.55,717.7
-210508200,719.67,730.43,708.16,726.96
-207657000,726.27,732.97,702.42,706.88
-205237800,701.35,719.02,684.41,695.43
-202559400,694.87,731.68,691.23,729.32
-199794600,732.02,753.04,728.63,732.79
-197289000,738.33,767.24,732.49,755.23
-194607000,753.73,759.56,710.83,750.52
-191928600,751.91,773.07,746.78,762.95
-189336600,766.08,791.63,760.34,785.34
-186485400,784.72,803.46,777.99,800.14
-184066200,802.75,824.72,798.05,813.29
-181474200,816.08,831.63,807.18,810.77
-178885800,817.1,836.06,808.55,820.56
-176207400,818.56,835.9,796.9,831.5
-173615400,838.06,855.19,829.3,841.1
-170764200,840.35,847.19,820.78,838.48
-168258600,844,880.24,836.56,875.37
-165666600,872,886.28,861.42,873.08
-162898200,875.51,897,866.8,875.43
-160392600,864.43,881.35,850.19,874.13
-157714200,869.78,907.79,865.1,902.86
-155035800,903.68,911.8,877.48,903.48
-152616600,899.76,907.88,884.68,889.05
-149938200,890.33,925.42,886.84,922.31
-147177000,922.11,944.82,904.82,918.04
-144671400,908.53,921.85,832.74,868.03
-142079400,871.59,889.98,857.71,881.74
-139314600,881.85,901.88,874.78,893.1
-136722600,893.6,944.96,886.96,930.58
-134130600,929.65,967.46,923.23,960.82
-131448600,958.96,969.98,937.24,946.71
-128856600,947.6,976.61,924.44,969.26
-126005400,968.54,1000.55,961.91,983.51
-123499800,975.89,1001.11,946.1,951.89
-121080600,938.19,955.17,905.4,924.77
-118402200,931.29,961.91,921.77,933.68
-115727400,931.95,939.64,859.13,884.07
-113135400,883.63,910.35,858.9,870.1
-110543400,877.06,901.16,843.76,847.38
-107865000,835.18,860.57,759.52,788.41
-105186600,792.09,822.93,763.36,774.22
-102421800,757.96,816.64,735.74,807.07
-99912600,809.63,827.33,784.79,791.59
-97320600,789.75,827.22,779.34,785.69
-94555800,786.41,857.02,776.16,849.89
-91963800,848.39,871.71,827.95,839.37
-89544600,843.49,883.41,835.3,865.98
-86693400,859.97,903.73,838.98,897.05
-84277800,892.93,915.87,850.39,852.56
-81599400,864.98,892.8,836.92,860.26
-78834600,859.69,918.69,853.21,904.24
-76329000,912.97,933.14,887.83,901.29
-73650600,901.18,951.57,894.19,926.66
-70972200,921,940.36,876.21,879.74
-68376600,867.08,894.88,839.4,875.81
-65784600,879.16,910.37,868.76,905.11
-63106200,906.84,921.87,850.5,855.47
-60427800,861.36,871.3,826.46,840.5
-57922200,840.44,854.25,817.61,840.67
-55243800,861.25,918.11,849.23,912.22
-52655400,913.2,935.68,885.53,899
-49804200,905.38,924.93,891.48,897.8
-47385000,896.35,933.83,876.99,883
-44706600,878.07,902.35,863.33,896.01
-41941800,900.36,945.86,892.59,935.79
-39436200,942.32,974.27,932.93,952.39
-36754200,948.41,989.56,936.54,985.08
-34075800,983.34,994.65,936.66,943.75
-31483800,947.73,960.16,915.53,946.05
-28632600,946.85,959.16,895.39,905.21
-26213400,908.63,941.38,895.76,935.48
-23707800,933.08,956.28,908.81,950.18
-21119400,949.22,974.92,928.58,937.56
-18354600,933.17,938.73,862.46,873.19
-15849000,875.9,893.87,788.07,815.47
-13170600,826.59,843.72,800.62,836.72
-10492200,837.78,845.96,804.45,813.09
-7900200,806.89,868,793.95,855.99
-5045400,854.54,871.77,800.36,812.3
-2626200,805.04,816.39,764.45,800.36
52200,809.2,819.23,739.11,744.06
2817000,744.06,784.19,738.78,777.59
5236200,777.59,803.26,757.99,785.57
7828200,785.57,798.84,716.74,736.07
10416600,736.07,740.76,627.46,700.44
13095000,700.44,728.23,674.9,683.53
15687000,683.53,743.36,665.32,734.12
18538200,734.12,772.04,702.83,764.58
21043800,764.58,778.27,741.51,760.68
23635800,760.68,791.07,746.71,755.61
26404200,755.61,797.51,749.52,794.09
28909800,794.09,848.23,787.45,838.92
31588200,838.92,873.84,826.53,868.5
34266600,868.5,898.14,861.99,878.83
36685800,878.83,922.3,873.22,904.37
39364200,904.37,958.12,897.48,941.75
42125400,941.75,948.85,898.61,907.81
44631000,907.81,929.6,866.31,891.14
47223000,891.14,908.81,854.41,858.43
49987800,858.43,917.79,834.92,898.07
52579800,898.07,925.67,877.48,887.19
55171800,887.19,910.56,827.83,839
57853800,839,855.21,790.67,831.34
60445800,831.34,902.47,831.12,890.2
63297000,890.2,923.99,882.75,902.17
65802600,902.17,933.25,894.34,928.13
68308200,928.13,957.03,924.14,940.7
71159400,940.7,977.72,933.62,954.17
73575000,954.17,979.46,917.37,960.72
76253400,960.72,967.72,917.75,929.03
79018200,929.03,955.45,900.06,924.74
81523800,924.74,980.36,922.03,963.73
84202200,963.73,977.35,927.15,953.27
86880600,953.27,964.1,917.07,955.52
89476200,955.52,1029.73,955.3,1018.21
92068200,1018.21,1042.44,996.09,1020.02
94746600,1022.88,1067.2,988.11,999.02
97425000,999.02,1019.94,938.82,955.07
99844200,955.07,985.25,911.12,951.01
102609000,951.01,975.32,907.51,921.43
105111000,921.43,965.16,875.45,901.41
107789400,901.41,935.58,864.46,891.71
110467800,890.2,944.08,863.94,926.4
113059800,924.37,924.37,845.5,887.57
115911000,887.57,964.55,873.34,947.1
118330200,947.1,997.59,937.69,956.58
121012200,956.58,963.8,810.36,822.25
123777000,820.51,861.09,783.56,850.86
126282600,850.86,890.38,816.57,855.55
128957400,855.55,871.4,802.17,860.53
131376600,860.53,904.02,841.76,846.68
134055000,846.68,875.94,818.68,836.75
136647000,836.75,870.38,788.8,802.17
139498200,802.17,865.54,796.46,802.41
141917400,802.41,811.95,751.13,757.43
144595800,757.43,803.43,651.6,678.58
147360600,678.58,686.48,598.8,607.87
149866200,607.87,689.3,573.22,665.52
152548200,665.52,692.82,599.81,618.66
155226600,616.08,619.84,570.01,616.24
157818600,619.13,717.3,619.13,703.69
160669800,703.69,757.35,695.24,739.05
163085400,739.05,796.93,731.46,768.15
165591000,768.15,835.18,736.62,821.34
168183000,821.34,868.58,807.96,832.29
170947800,835.73,884.62,811.23,878.99
173453400,878.99,888.85,819.15,831.51
176131800,831.51,844.02,785.75,835.34
178810200,835.34,849.03,789.66,793.88
181402200,793.88,859.57,780.54,836.04
184257000,836.04,865.79,821.08,860.67
186676200,860.67,866.11,812.81,852.41
189354600,852.41,985.99,848.63,975.28
192119400,975.28,1002.83,946.16,972.61
194538600,972.61,1018.03,964.18,999.45
197217000,999.45,1017.71,963,996.85
199978200,995.83,1015.82,955.84,975.23
202483800,975.23,1012.93,951.7,1002.78
205075800,1002.78,1017.93,974.2,984.64
207840600,984.64,1004.74,954.12,973.74
210432600,973.74,1026.26,971.24,990.19
213024600,990.19,995.6,928.2,964.93
215706600,964.93,971.99,917.89,947.22
218298600,947.22,1006.82,942.24,1004.65
221149800,1004.65,1007.81,944.9,954.37
223655400,954.37,963.76,926.03,936.42
226074600,936.42,971.58,914.15,919.13
228753000,919.55,956.07,909.74,926.9
231427800,931.22,949.46,892.55,898.66
234019800,898.66,934.36,896.46,916.3
236611800,916.3,927.84,878.81,890.07
239290200,890.07,900.03,844.42,861.49
241968600,861.49,879.76,830.3,847.11
244733400,847.11,855.77,792.79,818.35
247242600,816.01,850.05,794.53,829.7
249834600,829.7,835.15,800.42,831.17
252599400,830.47,830.47,759.44,769.92
255191400,769.92,787.42,739.17,742.12
257610600,742.12,777.81,736.75,757.36
260461800,756.67,846.15,747.05,837.32
262877400,837.32,865.64,813.84,840.61
265555800,840.61,879.33,807.95,818.95
268320600,818.95,866.34,800.94,862.27
270826200,862.27,911.21,855.34,876.82
273504600,876.82,917.27,850.92,865.82
276183000,865.82,909.39,782.05,792.45
278778600,805.53,831.69,779.11,799.03
281370600,801.98,829.87,781.01,805.01
284049000,805.01,865.04,798.51,839.22
286727400,839.22,843.99,802.23,808.82
289146600,808.82,876.99,807.26,862.18
291911400,859.93,884.62,847.28,854.9
294413400,854.9,863.22,815.14,822.33
297091800,822.33,853.86,817.74,841.98
299770200,840.61,857,818,846.42
302362200,846.42,893.6,839.08,887.63
305213400,887.63,902.13,857.85,878.58
307632600,877.73,904.86,795.99,815.7
310314600,815.7,838.57,792.24,822.35
313079400,822.35,851.54,814.76,838.74
315585000,838.74,897.88,809.05,875.84
318263400,875.84,918.17,847.27,863.14
320941800,863.14,868.69,729.95,785.75
323447400,785.75,818.52,751.37,817.06
326035800,817.06,866.13,795.81,850.84
328800600,850.84,896.33,840.7,867.92
331306200,867.92,946.94,862.63,935.31
333984600,935.31,972.34,918.52,932.59
336663000,932.59,980.72,918,932.42
339255000,932.42,987.3,911.59,924.48
342109800,924.48,1009.39,924.48,993.34
344529000,991.13,991.13,895.45,963.98
347207400,963.98,1013.14,930.89,947.27
349972200,947.09,980.88,923.89,974.58
352391400,974.58,1021.81,955.7,1003.87
354983400,1003.87,1030.98,981.81,997.75
357571800,997.75,1005.22,956.69,991.75
360250200,991.75,1023.02,972.7,976.88
362842200,976.88,978.98,918.66,952.34
365693400,952.34,961.47,879.09,881.47
368199000,881.47,892.41,807.45,849.98
370791000,849.98,885.84,823.63,852.55
373559400,855.97,892.8,834.57,888.98
376065000,888.98,898.5,862.81,875
378743400,875,887.38,832.56,871.09
381421800,866.34,866.34,802.23,824.39
383841000,824.39,840.66,786.16,822.77
386519400,822.77,871.19,820.48,848.36
389280600,848.36,876.52,815.55,819.55
391786200,819.55,824.3,784.25,811.94
394378200,811.94,843.8,787.39,808.59
397143000,808.59,910.95,769.98,901.31
399735000,901.31,951.16,888.7,896.25
402327000,896.25,1046.08,892.02,991.07
405009000,990.8,1072.01,983.71,1039.28
407601000,1043.22,1074.32,988.59,1046.547
410452200,1048.92,1100.07,1020.23,1075.69
412957800,1076.88,1130.51,1051.78,1112.62
415377000,1113.09,1152.09,1108.55,1129.93
418055400,1129.84,1228.04,1104.68,1226.19
420730200,1226.01,1240.52,1176.86,1200.08
423322200,1200.08,1251.2,1180.89,1221.35
425914200,1221.35,1252.9,1183.79,1199.21
428592600,1199.82,1216.15,1156.45,1216.15
431271000,1215.75,1264.74,1205.28,1233.12
434035800,1232.42,1284.65,1219.82,1225.2
436545000,1225.41,1291.67,1213.21,1276.01
439137000,1275.81,1279.37,1236.38,1258.63
441901800,1257.72,1291.87,1215.45,1220.57
444493800,1220.79,1223.2,1117.88,1154.62
446999400,1154.31,1191.48,1136.1,1164.26
449764200,1165.2,1177.76,1120.39,1170.74
452266200,1170.96,1188.23,1086.85,1104.84
454944600,1105.17,1140.24,1082.05,1132.39
457623000,1132.18,1136.15,1082.16,1115.28
460215000,1115.72,1248.01,1115.39,1224.38
463066200,1224.27,1244.15,1195.01,1206.71
465485400,1206.71,1237.96,1161.44,1207.37
468167400,1207.71,1244.14,1184.19,1188.93
470932200,1189.16,1220.19,1157.46,1211.57
473437800,1210.14,1300.02,1180.99,1286.76
476116200,1285.56,1303.11,1268.88,1284
478535400,1284.01,1305.87,1246.8,1266.78
481213800,1267.01,1287.1,1250.11,1258.05
483802200,1257.95,1316.87,1240.72,1315.41
486653400,1315.19,1336.13,1288.42,1335.23
489072600,1335.34,1367.61,1320.45,1347.44
491751000,1348.9,1356.52,1306,1334.01
494515800,1334.01,1341.4,1289.31,1328.62
497021400,1327.61,1378.14,1319.89,1374.3
499703400,1374.08,1483.03,1372.13,1472.12
502381800,1472.25,1563.76,1453.44,1546.67
504973800,1546.67,1577.29,1497.71,1570.98
507825000,1571.1,1720.53,1568.81,1709.05
510244200,1708.49,1841.24,1671.98,1818.61
512749800,1818.37,1861.91,1718.15,1783.98
515338200,1783.73,1895.2,1751.86,1876.7
518103000,1876.21,1907.6,1823.47,1892.7
520608600,1893.1,1922.7,1741.6,1775.3
523287000,1778.7,1918.6,1730.6,1898.3
525965400,1898.3,1933.4,1733,1767.6
528557400,1792.3,1894.7,1761.3,1877.8
531412200,1884.6,1926.5,1797.1,1914.2
533831400,1888.2,1971.7,1880.5,1896
536509800,1913.1,2214.6,1897.4,2158
539274600,2163.1,2266.5,2134.4,2224
541693800,2215,2399.6,2209.1,2304.7
544285800,2297.4,2428.4,2180.5,2286.4
546874200,2300.7,2380.8,2188.5,2291.6
549552600,2297.2,2466,2260.6,2418.5
552144600,2404,2588.3,2391.3,2572.1
554995800,2565.1,2746.7,2526,2663
557501400,2682,2695.5,2469,2596.3
560093400,2622.9,2662.4,1616.2,1993.5
562861800,1993.2,2027.5,1795.3,1833.6
565367400,1852.1,2019.6,1733.9,1938.8
568045800,1992.7,2075.3,1846,1958.2
570724200,1963,2078.1,1878.2,2071.6
573229800,2068.8,2110.9,1951.3,1988.1
575908200,2004,2121.4,1968,2032.3
578583000,2026.2,2072,1921.6,2031.1
581175000,2044.5,2169.1,2021.3,2141.7
583767000,2134.8,2169.5,2047.3,2128.7
586445400,2128.2,2151.9,1978.7,2031.7
589123800,2008.9,2140.3,1988.4,2112.9
591888600,2094.8,2195.1,2082.3,2148.7
594397800,2153.6,2186,2026.7,2114.5
596989800,2111.1,2193.8,2075.4,2168.6
599754600,2154.5,2350.2,2127.1,2342.3
602346600,2345,2369.3,2232.1,2258.4
604765800,2265,2351.1,2234.5,2293.6
607613400,2298,2433.1,2282.1,2418.8
610032600,2400.7,2521.6,2356.3,2480.2
612711000,2484.7,2545,2412.9,2440.1
615475800,2449.4,2668.3,2431.5,2660.7
617981400,2658.2,2758.7,2626.3,2737.2
620659800,2732.3,2766.9,2646.2,2692.8
623338200,2713.7,2808.1,2548.7,2645
625933800,2641.8,2718.2,2563.1,2706.2
628525800,2712.8,2784.7,2658.7,2753.2
631204200,2748.7,2834,2513.2,2590.5
633882600,2594.1,2674.3,2540.9,2627.2
636301800,2621.4,2775,2607.8,2706.9
639063000,2682.4,2793.4,2627.7,2656.7
641568600,2664.6,2908.2,2651.3,2876.6
644247000,2900.9,2956.9,2821.5,2880.6
646925400,2883.1,3024.2,2833.1,2905.4
649517400,2909.9,2931.1,2459.4,2614.3
652368600,2591.3,2665.3,2367.8,2452.4
654787800,2471.2,2565.3,2344.3,2442.3
657469800,2442.8,2581.1,2415.5,2560.4
660234600,2568.3,2662.6,2534.6,2633.6
662740200,2627.2,2747.2,2448.2,2736.4
665418600,2735.4,2955.2,2697,2882.1
667837800,2862.6,3017.8,2829.2,2913.9
670516200,2902,3030.4,2848.5,2887.9
673104600,2901.5,3044.5,2834.5,3027.5
675955800,3023,3057.5,2883.7,2906.8
678375000,2925.5,3039.6,2897.4,3024.8
681053400,3022.8,3068.6,2836.3,3043.6
683818200,3043.6,3061.1,2963.1,3016.77
686323800,3016.77,3091.01,2925.54,3069.1
689005800,3069.1,3091.91,2869.19,2894.68
691684200,2893.11,3187.84,2839,3168.83
694276200,3168.83,3299.42,3139.09,3223.39
697127400,3223.39,3293.16,3208.18,3267.66
699546600,3266.32,3299.42,3188.73,3235.46
702138600,3235.47,3366.5,3161,3359.12
704727000,3358.45,3420.21,3324.46,3396.88
707405400,3397.39,3422.28,3254.05,3318.52
709997400,3318.52,3402.96,3267.07,3393.78
712848600,3393.78,3399.99,3207.37,3257.35
715354200,3257.35,3376.49,3233.84,3271.66
717946200,3271.66,3280.58,3095.79,3226.28
720714600,3224.66,3308.41,3184.67,3305.16
723220200,3305.16,3352.71,3248.16,3301.11
725898600,3301.11,3320.83,3231.95,3310.03
728577000,3310.03,3456.19,3267.07,3370.81
730996200,3370.81,3482.12,3343.53,3435.11
733674600,3435.11,3481.58,3363.79,3427.55
736435800,3427.55,3565.07,3415.88,3527.43
738941400,3527.15,3569.5,3462.66,3516.08
741533400,3516.08,3583.9,3449.93,3539.47
744298200,3538.08,3663.83,3536.96,3651.25
746890200,3651.25,3655.72,3528.85,3555.12
749482200,3555.12,3708.82,3554,3680.59
752164200,3679.2,3718.04,3600.67,3683.95
754756200,3683.95,3799.64,3683.95,3754.09
757607400,3753.53,3985.67,3743.1,3978.36
760113000,3976.39,3981.73,3826.68,3832.02
762532200,3832.02,3895.94,3559.67,3635.96
765210600,3635.39,3710.25,3520.8,3681.69
767885400,3678.12,3773.1,3623.1,3758.37
770477400,3758.06,3823.39,3610.4,3624.96
773069400,3624.32,3770,3623.02,3764.5
775747800,3762.88,3939.32,3736.66,3913.42
778426200,3913.42,3954.89,3820.31,3843.19
781191000,3842.51,3949.5,3748.31,3908.12
783700200,3908.12,3908.12,3638.97,3739.22
786292200,3739.22,3866.4,3655.11,3834.44
789057000,3834.44,3936.72,3794.4,3843.86
791649000,3841.5,4021.43,3831.41,4011.05
794068200,4009.67,4198.5,3945.69,4157.69
796915800,4157,4328.19,4155.27,4321.27
799335000,4321.27,4465.14,4301.9,4465.14
802013400,4465.14,4592.76,4407.04,4556.1
804778200,4556.1,4746.85,4551.6,4708.47
807283800,4708.47,4754.6,4570.76,4610.56
809962200,4611.96,4816.54,4607.03,4789.08
812640600,4789.08,4816.54,4660.47,4755.48
815236200,4755.48,5143.1,4744.64,5074.5
817828200,5090.8,5266.7,5016.7,5117.1
820506600,5156.9,5433.2,5000.1,5395.3
823185000,5395.3,5693.4,5319.4,5485.6
825690600,5467.6,5755.86,5395.3,5587.14
828369000,5587.14,5737.07,5382.66,5569.08
830957400,5569.08,5833.04,5327.74,5643.18
833808600,5643.18,5770.61,5559.69,5654.63
836227800,5654.63,5769.88,5170.11,5528.91
838906200,5528.91,5761.95,5507.83,5616.21
841671000,5616.21,5938.76,5550.37,5882.17
844176600,5882.17,6162.8,5833.72,6029.38
846858600,6029.38,6606.3,5975.34,6521.7
849537000,6521.7,6623.96,6206.83,6448.27
852129000,6448.27,6953.55,6318.96,6813.09
854980200,6813.09,7112.87,6683.4,6877.74
857399400,6877.74,7158.28,6532.49,6583.48
859905000,6583.48,7081.23,6315.84,7008.99
862493400,7008.99,7430.2,6891.39,7331.04
865258200,7331.04,7868.44,7214.29,7672.79
867763800,7672.79,8328.99,7613.53,8222.61
870442200,8222.61,8340.14,7580.85,7622.42
873120600,7650.99,8078.36,7556.23,7945.26
875712600,7945.26,8218.34,6933.01,7442.08
878567400,7503.48,7934.53,7334.77,7823.13
880986600,7823.62,8209.56,7563.23,7908.25
883665000,7908.25,8072.91,7391.59,7906.5
886429800,7987.46,8616.72,7987.46,8545.72
888849000,8545.72,8997.11,8377.32,8799.81
891441000,8799.81,9213.33,8748.74,9063.37
894029400,9066.61,9261.91,8788.1,8899.95
896707800,8899.95,9104.72,8569.88,8952.02
899299800,8958.99,9367.84,8816.09,8883.29
902151000,8883.29,8886.12,7539.07,7539.07
904656600,7539.07,8182.47,7400.3,7842.62
907248600,7841.33,8659.81,7467.49,8592.1
910017000,8595.7,9380.2,8595.7,9124.28
912522600,9124.28,9334.88,8676.03,9201.26
915201000,9201.26,9647.96,9063.26,9358.83
917879400,9358.83,9611.33,9099.04,9306.58
920298600,9306.58,10085.31,9211.23,9786.16
922977000,9786.16,10961.71,9765.63,10789.04
925738200,11014.69,11130.67,10434.26,10559.74
928243800,10559.74,11003.41,10409.14,10970.8
930835800,10970.8,11252.27,10647.86,10655.15
933600600,10655.15,11365.93,10549.08,10829.28
936192600,10829.28,11142.41,10081.13,10336.95
938784600,10335.69,10790.02,9976.02,10731.76
941466600,10695.61,11112.77,10536.27,10877.81
944058600,10875.44,11568.77,10859.65,11497.12
946909800,11494.71,11750.28,10701.64,10940.53
949415400,10952.32,11118.93,9836.06,10128.31
951921000,10163.99,11234.65,9731.81,10921.92
954768600,10921.92,11425.45,10201.53,10733.91
957187800,10733.91,10971.24,10258.81,10522.33
959866200,10549.74,10863,10335.46,10447.89
962631000,10434.81,10874.63,10393.09,10521.98
965136600,10521.98,11319.06,10516.76,11215.1
967815000,11276.51,11401.19,10567.32,10650.92
970493400,10682.37,10995.41,9654.64,10971.14
973089000,10917.3,11006.5,10292.39,10414.49
975681000,10448.62,10917.68,10299.21,10787.99
978445800,10703.08,11028,10468.04,10887.36
981037800,10892.97,11035.14,10294.01,10495.28
983457000,10440.18,10859.5,9106.54,9878.78
986218200,9877.16,10906.41,9375.72,10734.97
988723800,10734.05,11350.05,10673.22,10911.94
991402200,10913.57,11196.53,10394.72,10502.4
994080600,10504.95,10679.12,10120.89,10522.81
996672600,10527.38,10609.65,9869.14,9949.75
999610200,9946.98,10182.38,8062.34,8847.56
1001943000,8845.97,9598.17,8732.14,9075.14
1004625000,9087.45,9992.79,9014.46,9851.56
1007389800,9848.93,10184.45,9703.9,10021.5
1009981800,10021.71,10300.15,9529.46,9920
1012573800,9923.04,10255.24,9580.32,10106.13
1014993000,10111.04,10673.1,10111.04,10403.94
1017671400,10402.07,10402.07,9811.57,9946.22
1020259800,9944.9,10353.43,9802.23,9925.25
1023111000,9923.94,9986.49,8926.57,9243.26
1025530200,9239.25,9410.38,7532.66,8736.59
1028208600,8732.58,9077.01,8030.82,8663.5
1031059800,8659.27,8726.9,7460.78,7591.93
1033479000,7593.04,8558.63,7197.49,8397.03
1036161000,8395.64,8950.33,8298.68,8896.09
1038839400,8902.95,9043.37,8242.91,8341.63
1041517800,8342.38,8869.29,7917.16,8053.81
1044282600,8053.74,8152.53,7628.99,7891.08
1046701800,7890.24,8522.18,7416.64,7992.13
1049207400,7992.83,8559.77,7979.69,8480.09
1051795800,8478.48,8868.33,8340.23,8850.26
1054560600,8851.45,9352.77,8851.45,8985.44
1057066200,8983.66,9361.4,8871.2,9233.8
1059744600,9232.68,9499.97,8997.11,9415.82
1062509400,9416.67,9686.08,9230.47,9275.06
1065015000,9276.8,9850.01,9276.8,9801.12
1067869800,9802.46,9903.57,9585.5,9782.46
1070289000,9785.35,10462.44,9785.35,10453.92
1073053800,10452.74,10705.18,10367.41,10488.07
1075732200,10487.78,10753.63,10434.67,10583.92
1078151400,10582.25,10695.55,10007.49,10357.7
1080829800,10357.52,10570.81,10219.18,10225.57
1083591000,10227.27,10386.32,9852.19,10188.45
1086096600,10187.18,10487.54,10134.86,10435.48
1088688600,10434,10448.09,9913.92,10139.71
1091453400,10138.45,10211.25,9783.91,10173.92
1094045400,10170.12,10363.36,9977.92,10080.27
1096637400,10082.04,10270.37,9708.4,10027.47
1099319400,10028.73,10602.85,10010.15,10428.02
1101911400,10425.8,10868.07,10418.63,10783.01
1104762600,10783.75,10867.39,10368.61,10489.94
1107268200,10489.72,10853.43,10489.64,10766.23
1109687400,10769.04,10984.46,10396.24,10503.76
1112365800,10504.57,10568.93,10000.46,10192.51
1115040600,10192,10560.81,10075.55,10467.48
1117632600,10462.86,10656.29,10253.49,10274.97
1120224600,10273.59,10717.73,10175.4,10640.91
1122903000,10641.78,10719.41,10349.37,10481.6
1125581400,10481.44,10701.81,10350.96,10568.7
1128346200,10569.5,10608.56,10156.46,10440.07
1130855400,10437.51,10959.79,10388.76,10805.87
1133447400,10806.03,10940.34,10709.42,10717.5
1136298600,10718.3,11047.76,10661.15,10864.86
1138804200,10862.14,11159.18,10737.67,10993.41
1141223400,10993.25,11334.96,10922.73,11109.32
1144071000,11113,11417.66,11039.12,11367.14
1146490200,11367.78,11670.19,11030.47,11168.31
1149168600,11169.03,11285.82,10698.85,11150.22
1151933400,11149.34,11257.08,10683.32,11185.68
1154439000,11184.8,11407.08,11042.64,11381.15
1157117400,11382.75,11741.99,11323.84,11679.07
1159795800,11678.99,12167.02,11653.06,12080.73
1162391400,12080.25,12361,11965.31,12221.93
1164983400,12220.97,12529.88,12089.98,12463.15
1167834600,12459.54,12657.02,12337.37,12621.69
1170340200,12617.2,12795.93,12086.06,12268.63
1172759400,12265.59,12511.05,11939.61,12354.35
1175520600,12354.52,13162.06,12324.28,13062.91
1178026200,13062.75,13673.07,13041.3,13627.64
1180704600,13628.69,13692,13251.53,13408.62
1183383000,13409.6,14021.95,13199.79,13211.99
1185975000,13211.09,13695.82,12517.94,13357.74
1188912600,13358.39,13924.81,13021.93,13895.63
1191245400,13895.71,14198.1,13407.49,13930.01
1193923800,13924.16,13924.16,12724.09,13371.72
1196692200,13368.22,13780.11,13092,13264.82
1199284200,13261.82,13279.54,11634.82,12650.36
1201876200,12638.17,12767.74,12069.47,12266.39
1204554600,12264.36,12622.07,11731.6,12262.89
1207056600,12266.64,13010,12266.47,12820.13
1209648600,12818.34,13136.69,12442.59,12638.32
1212413400,12637.67,12638.08,11287.56,11350.01
1214919000,11344.64,11698.17,10827.71,11378.02
1217597400,11379.89,11867.11,11221.53,11543.55
1220362200,11545.63,11790.17,10365.45,10850.66
1222867800,10847.4,10882.52,7882.51,9325.01
1225722600,9326.04,9653.95,7449.38,8829.04
1228141800,8826.89,9026.41,8118.5,8776.39
1230906600,8772.25,9088.06,7909.03,8000.86
1233585000,8000.62,8315.07,7033.62,7062.93
1236004200,7056.48,7931.33,6469.95,7608.92
1238592600,7606.13,8307.51,7483.87,8168.12
1241184600,8167.41,8591.93,8099.31,8500.33
1243863000,8501.53,8877.93,8259.43,8447
1246455000,8447.53,9246.43,8087.19,9171.61
1249306200,9173.65,9630.2,9116.52,9496.28
1251811800,9492.32,9917.99,9252.93,9712.28
1254403800,9711.6,10119.47,9430.08,9712.73
1257172200,9712.13,10495.61,9678.95,10344.84
1259677800,10343.82,10580.33,10235.63,10428.05
1262615400,10430.69,10729.89,10043.75,10067.33
1265034600,10068.99,10438.55,9835.09,10325.26
1267453800,10326.1,10955.48,10326.1,10856.63
1270128600,10857.31,11258.01,10844.09,11008.61
1272893400,11009.6,11177.67,9774.48,10136.63
1275399000,10133.94,10594.16,9753.84,9774.02
1277991000,9773.27,10584.99,9614.32,10465.94
1280755800,10468.82,10719.94,9936.62,10014.72
1283347800,10016.01,10948.88,10016.01,10788.05
1285939800,10789.72,11247.6,10711.12,11118.49
1288618200,11120.3,11451.53,10929.28,11006.02
1291213800,11007.23,11625,11007.23,11577.51
1294065000,11577.43,12020.52,11573.87,11891.93
1296570600,11892.5,12391.29,11892.5,12226.34
1298989800,12226.49,12383.46,11555.48,12319.73
1301664600,12321.02,12832.83,12093.89,12810.54
1304343000,12810.16,12876,12309.52,12569.79
1306935000,12569.41,12569.49,11862.53,12414.34
1309527000,12412.07,12753.89,12083.45,12143.24
1312205400,12144.22,12282.42,10604.07,11613.53
1314883800,11613.3,11716.84,10597.14,10913.38
1317648600,10912.1,12284.31,10404.49,11955.01
1320154200,11951.53,12187.51,11231.56,12045.68
1322749800,12046.21,12328.47,11735.19,12217.56
1325601000,12221.19,12841.95,12221.19,12632.91
1328106600,12632.76,13055.75,12632.76,12952.07
1330612200,12952.29,13289.08,12734.86,13212.04
1333373400,13211.36,13297.11,12710.56,13213.63
1335879000,13214.16,13338.66,12311.56,12393.45
1338557400,12391.56,12898.94,12035.09,12880.09
1341235800,12879.71,13128.64,12492.25,13008.68
1343827800,13007.47,13330.76,12778.9,13090.84
1346765400,13092.15,13653.24,12977.09,13437.13
1349098200,13437.66,13661.87,13039.86,13096.46
1351776600,13099.19,13290.75,12471.49,13025.58
1354545000,13027.73,13365.86,12883.89,13104.14
1357137000,13104.3,13969.99,13104.3,13860.58
1359729000,13860.58,14149.15,13784.01,14054.49
1362148200,14054.49,14585.1,13937.6,14578.54
1364823000,14578.54,14887.51,14434.43,14839.8
1367415000,14839.8,15542.4,14687.05,15115.57
1370266200,15123.55,15340.09,14551.27,14909.6
1372685400,14911.6,15634.32,14858.93,15499.54
1375363800,15503.85,15658.43,14760.41,14810.31
1378215000,14801.55,15709.58,14777.48,15129.67
1380634200,15132.49,15721,14719.43,15545.75
1383312600,15558.01,16174.51,15522.18,16086.41
1385994600,16087.12,16588.25,15703.79,16576.66
1388673000,16572.17,16573.07,15617.55,15698.85
1391437800,15697.69,16398.95,15340.69,16321.71
1393857000,16321.71,16505.7,16046.99,16457.66
1396359000,16458.05,16631.63,16015.32,16580.84
1398951000,16580.26,16735.51,16341.3,16717.17
1401715800,16716.85,16978.02,16673.65,16826.6
1404221400,16828.53,17151.56,16563.3,16563.3
1406899800,16561.7,17153.8,16333.78,17098.45
1409664600,17097.42,17350.64,16934.43,17042.9
1412170200,17040.46,17395.54,15855.12,17390.52
1415025000,17390.9,17894.83,17278.36,17828.24
1417444200,17827.27,18103.45,17067.59,17823.07
1420209000,17823.07,17951.78,17136.3,17164.95
1422887400,17169.99,18244.38,17037.76,18132.7
1425306600,18134.05,18288.63,17579.27,17776.12
1427895000,17778.52,18175.56,17585.01,17840.52
1430487000,17859.27,18351.36,17733.12,18010.68
1433165400,18017.82,18188.81,17576.5,17619.51
1435757400,17638.12,18137.12,17399.17,17689.86
1438608600,17696.74,17704.76,15370.33,16528.03
1441114200,16528.03,16933.43,15942.37,16284.7
1443706200,16278.62,17799.96,16013.66,17663.54
1446474600,17672.62,17977.85,17210.43,17719.92
1448980200,17719.72,17901.58,17116.73,17425.03
1451917800,17405.48,17405.48,15450.56,16466.3
1454337000,16453.63,16795.98,15503.01,16516.5
1456842600,16545.67,17790.11,16545.67,17685.09
1459517400,17661.74,18167.63,17484.23,17773.64
1462195800,17783.78,17934.61,17331.07,17787.2
1464787800,17754.55,18016,17063.08,17929.99
1467379800,17924.24,18622.01,17713.45,18432.24
1470058200,18434.5,18668.44,18247.79,18400.88
1472736600,18396.57,18551.54,17992.21,18308.15
1475501400,18279.6,18399.96,17959.95,18142.42
1478007000,18158.24,19225.29,17883.56,19123.58
1480602600,19149.2,19987.63,19138.79,19762.6
1483453800,19872.86,20125.58,19677.94,19864.09
1485959400,19923.81,20851.33,19831.09,20812.24
1488378600,20957.29,21169.11,20412.8,20663.22
1491226200,20665.17,21070.9,20379.55,20940.51
1493645400,20962.73,21112.32,20553.45,21008.65
1496323800,21030.55,21535.03,20994.22,21349.63
1499088600,21392.3,21929.8,21279.3,21891.12
1501594200,21961.42,22179.11,21600.34,21948.1
1504272600,21981.77,22419.51,21709.63,22405.09
1506951000,22423.47,23485.25,22416,23377.24
1509543000,23442.9,24327.82,23242.75,24272.35
1512138600,24305.4,24876.07,23921.9,24719.22
1514903400,24809.35,26616.71,24741.7,26149.39
1517495400,26083.04,26306.7,23360.29,25029.2
1519914600,25024.04,25449.15,23509.06,24103.11
1522675800,24076.6,24858.97,23344.52,24163.15
1525181400,24117.29,25086.49,23531.31,24415.84
1527859800,24542.09,25402.83,23997.21,24271.41
1530538200,24161.53,25587.24,24077.56,25415.19
1533130200,25461.63,26167.94,24965.77,25964.82
1536067800,25916.07,26769.16,25754.32,26458.31
1538400600,26598.36,26951.81,24122.23,25115.76
1541079000,25142.08,26277.82,24268.74,25538.46
1543847400,25779.57,25980.21,21712.53,23327.46
1546439400,23058.61,25109.62,22638.41,24999.67
1549031400,25025.31,26241.42,24883.04,25916
1551450600,26019.67,26155.98,25208,25928.68
1554125400,26075.1,26695.96,26062.59,26592.91
1556717400,26639.06,26689.39,24809.51,24815.04
1559568600,24830.16,26907.37,24680.57,26599.96
1561987800,26805.86,27398.68,26616.21,26864.27
1564666200,26879.86,27175.59,25339.6,26403.28
1567517400,26198.26,27306.73,25978.22,26916.83
1569936600,26962.54,27204.36,25743.46,27046.23
1572615000,27142.95,28174.97,27142.95,28051.41
1575297000,28109.74,28701.66,27325.13,28538.44
1577975400,28638.97,29373.62,28169.53,28256.03
1580740200,28319.65,29568.57,24681.01,25409.36
1583159400,25590.51,27102.34,18213.65,21917.16
1585747800,21227.38,24764.77,20735.02,24345.72
1588339800,24120.78,25758.79,22789.62,25383.11
1591018200,25342.99,27580.21,24843.18,25812.88
1593610200,25879.38,27071.33,25523.51,26428.32
1596461400,26542.32,28733.35,26534.38,28430.05
1598967000,28439.61,29199.35,26537.01,27781.7
1601559000,27940.63,28957.9,26143.77,26501.6
1604327400,26691.28,30116.51,26691.28,29638.64
1606833000,29797.5,30637.47,29599.29,30606.48
1609770600,30627.47,31272.22,29856.3,29982.62
1612189800,30054.73,32009.64,30014.97,30932.37
1614609000,31065.9,33259,30547.53,32981.55
1617283800,33054.58,34256.75,32985.35,33874.85
1620048600,33904.89,35091.56,33473.8,34529.45
1622554200,34584.19,34849.32,33271.93,34502.52
1625146200,34507.32,35171.52,33741.76,34935.48
1627911000,34968.56,35631.19,34690.25,35360.74
1630503000,35387.55,35475.4,33613.03,33843.93
1633095000,34030.17,35892.92,33785.54,35819.57
1635773400,35833.65,36565.73,34424.44,34483.73
1638369000,34678.94,36679.44,34006.98,36338.31
1641220200,36321.59,36952.65,33150.33,35131.87
1643725800,35151.47,35824.28,32272.64,33892.61
1646145000,33813.48,35372.26,32578.73,34678.36
1648819800,34740.89,35492.22,32913.15,32977.22
1651498200,32978.49,34117.74,30635.76,32990.13
1654090200,33156.31,33272.34,29653.29,30775.44
1656682200,30737.77,32910.18,30143.93,32845.14
1659360600,32755.71,34281.36,31509.59,31510.44
1662039000,31454.58,32504.04,28715.85,28725.52
1664803800,28855.25,32889.81,28660.94,32732.96
1667309400,32862.79,34589.77,31727.05,34589.77
1669905000,34533.59,34712.28,32573.43,33147.26
1672756200,33148.9,34342.32,32812.33,34086.05
1675261800,34039.6,34334.7,32636.43,32656.71
1677681000,32656.37,33572.22,31429.82,33274.16
1680528600,33245.78,34104.56,33235.85,34098.17
1682947800,34116.81,34257.83,32586.56,32908.28
1685626200,32929.85,34588.68,32704.51,34407.61
1688391000,34369.78,35645.35,33705.68,35559.54
1690896600,35585.99,35679.13,34029.22,34721.92
1693575000,34876.24,34979.18,33306.3,33507.51
1696253400,33455.5,34147.63,32327.2,33052.88
1698845400,33081.87,35970.7,33010.85,35950.9
1701441000,35914.45,37778.85,35914.45,37689.55
1704205800,37566.22,38588.86,37122.95,38150.31
1706797800,38175.34,38783.62,38106.84,38293.11